-0.197893,-0.330773
-0.099156,-0.167538
0.303605,0.629142
0.369113,0.518472
0.105868,-0.687421
-0.135514,-0.336803
0.475641,0.558317
-0.445086,-0.286055
-0.639694,-0.351577
-0.363954,0.330238
0.245507,0.432538
-0.377676,-0.254874
0.362573,-0.628705
-0.125394,-0.608204
-0.612726,-0.258664
-0.087875,0.188250
0.094457,-0.752965
0.056542,-0.649621
0.016770,0.124131
-0.250519,-0.490789
-0.569753,-0.156719
0.241447,-0.692622
-0.368456,-0.376312
0.601174,-0.487591
0.114440,-0.737574
0.168331,-0.313992
-0.453911,-0.097394
0.518414,-0.540201
0.214422,-0.695430
0.451291,-0.138735
0.074937,-0.675410
-0.633810,-0.087503
0.123898,0.448795
0.389663,0.561292
0.408610,0.522993
0.133679,-0.651986
0.214032,-0.663722
-0.410675,-0.369858
0.187300,-0.713167
0.087836,-0.746933
0.031409,-0.322597
-0.616791,0.558447
0.345987,0.476441
0.466418,0.563255
-0.529287,-0.183115
0.306630,0.174052
-0.522085,-0.362523
-0.010713,-0.009065
0.170507,-0.634454
0.477308,0.565672
-0.542553,-0.342749
-0.469681,-0.473717
0.271399,0.485760
0.510809,-0.370303
0.189968,-0.686852
-0.563338,-0.020069
0.318523,-0.635014
-0.529177,-0.281197
0.593654,-0.440675
0.359208,-0.330979
0.198378,-0.653717
0.450639,0.478694
0.265515,0.512021
0.381677,0.502134
0.416812,0.421317
0.556443,-0.466392
-0.291798,-0.571538
-0.522407,0.527364
0.261862,0.620614
0.133804,-0.682226
0.122251,-0.017014
0.475483,0.578990
0.379381,0.526938
0.114319,-0.022034
0.110810,-0.705504
-0.015490,0.408826
-0.594467,0.564690
-0.544271,-0.331797
0.211641,-0.693030
0.400481,0.554374
0.511811,-0.485983
-0.153978,0.014025
0.623132,-0.473155
-0.579587,0.505671
-0.618676,0.541011
0.347128,0.604099
-0.567866,-0.374706
0.466284,0.558147
0.596505,-0.363006
0.558838,-0.520453
-0.135010,-0.644750
0.207389,-0.671581
0.416806,0.288877
0.347055,0.544799
0.481617,0.424157
0.109748,-0.664802
0.280368,0.380327
0.285445,0.305847
-0.550177,-0.288367
0.698354,-0.396784
0.413897,0.584781
0.100643,-0.747975
0.269375,-0.644314
0.399421,0.384859
0.345218,-0.583615
0.456119,0.502411
-0.640683,-0.259315
0.036161,-0.731184
-0.047297,0.388459
0.615664,-0.477145
0.260180,0.493785
0.426303,0.444289
-0.595326,0.502424
0.315850,0.433765
0.441019,0.550154
0.440631,0.491266
0.161679,0.474881
-0.606834,0.599738
0.630589,-0.349994
0.118981,-0.740172
0.129229,-0.094353
0.572847,-0.513398
0.338449,0.463134
0.117442,-0.088480
-0.288194,-0.102224
0.452244,0.419455
-0.049966,0.483290
-0.522252,-0.356638
0.641695,-0.480743
0.609395,-0.447517
0.110749,-0.720217
0.027496,-0.734705
-0.525969,-0.264052
-0.524874,-0.301593
0.356810,0.505484
0.400675,0.463746
0.121298,0.586557
0.464085,0.522628
0.150539,-0.357512
0.071907,-0.751369
-0.352407,-0.221355
0.183994,-0.597254
0.126356,-0.743067
0.111244,-0.730785
0.614791,-0.480039
0.444140,-0.583972
-0.505589,-0.406534
0.627446,-0.497357
-0.628235,-0.334292
-0.205798,-0.594396
-0.550873,-0.339394
0.618357,-0.467122
0.640863,-0.467531
0.289898,0.510840
-0.433687,0.543296
0.395680,0.527752
-0.586615,-0.207518
0.264235,-0.658711
0.474232,0.567138
0.519204,-0.357736
-0.652320,-0.259241
0.169611,0.210836
0.169054,-0.715861
0.458609,0.543049
0.099189,0.319413
0.008918,-0.626223
-0.324468,0.351080
-0.102916,0.368195
-0.445360,-0.113033
0.372272,0.523655
0.476892,0.546576
0.202948,0.608397
-0.590044,0.087217
-0.193682,-0.555736
0.122003,-0.731236
-0.535665,0.267774
0.204610,-0.631793
0.416085,0.435975
-0.536924,-0.339823
-0.168302,0.095546
0.297186,0.233057
-0.573350,-0.422798
-0.396568,-0.300978
0.551280,-0.355714
-0.000371,-0.531690
0.148133,-0.663565
0.311902,-0.184201
0.344967,0.590756
-0.591780,-0.372871
0.487215,0.537705
-0.427326,-0.456907
-0.325803,0.281032
0.406997,0.572668
0.448645,-0.560454
0.308076,0.475916
-0.506019,-0.017953
0.468161,-0.498716
0.368291,0.510717
-0.197270,-0.228168
-0.028111,-0.602595
0.414270,0.224879
-0.595008,0.593900
-0.541247,0.522674
-0.230360,0.434939
0.471648,0.552586
0.209067,-0.652659
0.365672,-0.491182
0.151203,-0.647304
-0.100926,-0.342500
-0.103591,-0.577295
0.237057,0.234282
-0.538892,0.089199
0.112584,-0.563535
0.439798,0.550981
0.167394,-0.546326
-0.138814,0.536040
0.480170,0.590135
-0.229045,-0.342728
0.378910,0.554830
0.485914,-0.520666
-0.557966,-0.327178
0.390421,0.480164
0.384060,0.479374
0.355208,-0.504391
0.417248,0.603623
0.148940,-0.594470
0.106937,-0.697452
-0.555708,-0.363313
0.603289,-0.497698
0.318775,0.584100
0.141973,-0.041954
-0.393938,0.026533
0.304305,0.400907
0.624708,-0.462266
0.109476,-0.747776
0.313758,-0.614805
0.443644,0.552070
-0.542230,-0.336782
0.408013,0.538276
0.434686,0.589217
0.465761,0.570271
0.021032,0.090939
0.491665,-0.508101
0.382696,0.544912
-0.632825,-0.361761
0.602350,-0.456004
0.021979,-0.627099
0.206376,-0.312229
-0.582505,0.574470
0.470527,0.505179
0.365131,-0.614758
0.433675,0.471251
0.352334,0.585741
0.660694,-0.375414
0.073386,-0.726625
0.609950,-0.479303
0.456312,0.507939
0.138169,-0.737485
-0.614425,0.599857
0.363190,-0.609366
-0.597145,-0.327770
0.513022,-0.416567
-0.600299,-0.257130
-0.646562,0.038953
0.249744,0.400731
-0.596577,-0.398812
0.335807,-0.629084
0.485734,0.551048
-0.201365,-0.024617
-0.616818,-0.343743
0.394017,0.589808
-0.630164,-0.300832
0.617797,-0.499767
-0.103147,0.418678
0.445970,0.495037
-0.570507,-0.145413
0.438267,0.559115
0.427122,0.570546
-0.578394,-0.106765
-0.165362,0.635017
0.125763,-0.266435
0.082004,-0.712385
0.269481,0.300771
-0.521548,-0.283177
0.420710,0.129214
0.637492,-0.470601
-0.651287,-0.318808
0.250547,-0.215517
0.009149,-0.145198
-0.415454,-0.243358
0.056906,-0.026216
0.323973,0.597254
-0.493907,0.388776
-0.042023,0.196389
0.428166,-0.245594
-0.445266,-0.326467
0.370227,0.503580
0.491537,-0.556491
0.113609,0.397181
-0.344630,-0.152451
0.117610,0.434919
-0.044858,-0.503481
0.338657,0.150516
-0.563587,-0.147116
0.610830,-0.439292
-0.391630,-0.073224
-0.535979,0.608477
0.337667,-0.606177
-0.226392,-0.600850
0.482733,-0.550114
0.276768,0.462692
0.282965,0.362228
0.073437,-0.745224
-0.556161,0.203775
0.564877,-0.367966
0.645078,-0.456415
0.396297,0.495867
-0.222827,-0.523387
0.431949,0.564595
-0.077027,-0.126860
0.281521,0.526716
-0.249955,-0.419646
-0.067347,0.403909
0.419876,0.538897
0.506124,-0.549619
0.295942,0.404159
-0.404078,-0.302913
0.345943,0.440674
0.413241,0.489816
0.467428,0.568121
-0.121081,0.210879
0.619367,-0.427326
-0.624222,-0.132944
0.420383,0.401563
0.487950,0.557130
0.036941,-0.127438
0.634223,-0.466427
0.535009,-0.545585
-0.000526,0.109336
-0.588968,-0.400783
0.463271,-0.576415
0.366245,0.576061
0.631529,-0.468919
-0.106577,-0.667788
0.573159,-0.494025
0.356424,0.483947
0.479054,0.561797
0.158800,-0.713362
-0.312373,0.370122
-0.277579,0.011432
0.277216,-0.621315
-0.592312,-0.366072
0.073989,-0.697020
0.629601,-0.498587
0.488025,0.584074
0.517300,-0.526951
0.582308,-0.342880
0.068245,0.174627
0.495927,0.417805
0.397840,0.571398
0.397701,0.586793
0.642725,-0.466969
0.060323,-0.194107
0.427772,0.590126
-0.059840,-0.495059
0.052203,0.303297
0.398482,0.563991
0.115968,-0.744751
0.655120,-0.462342
0.103697,0.510937
0.432465,0.602405
0.023221,-0.258254
-0.446851,-0.329034
0.187563,-0.635961
0.059282,-0.683982
0.318090,0.579699
0.289776,0.404165
0.358745,0.565236
0.434388,0.531404
0.450885,0.535545
0.046853,-0.704015
0.549571,-0.482386
-0.344677,0.168262
-0.503756,-0.136326
0.458785,-0.504575
0.473403,0.573897
-0.606921,-0.334884
-0.468141,-0.336848
-0.000042,-0.104257
-0.622271,-0.096513
-0.570363,-0.370024
0.643658,-0.475127
0.428270,0.520827
0.659366,-0.462687
-0.200693,-0.562763
0.261099,0.445446
-0.660457,-0.375337
0.149938,-0.614532
-0.553868,-0.284858
-0.018966,0.233880
0.314483,0.429721
0.651185,-0.468868
-0.395663,-0.397995
0.597514,-0.508810
0.071319,-0.720495
0.344447,0.500771
-0.579769,0.564201
0.164847,-0.364297
0.064284,-0.708036
0.250633,-0.681143
-0.328658,0.261137
-0.463585,0.455794
-0.565519,0.029682
-0.534444,-0.245775
-0.350884,0.039718
-0.188984,0.316417
0.378351,0.472929
-0.226010,-0.444054
-0.604650,0.511595
0.510967,-0.538701
0.121773,-0.738531
0.623689,-0.415699
-0.589126,0.266419
-0.520285,-0.092576
-0.291658,-0.250096
-0.170222,-0.229928
0.096311,-0.738524
0.519163,-0.402363
0.431212,0.537886
-0.536800,-0.052805
0.346509,0.265423
-0.591768,-0.366316
-0.530198,-0.044283
0.285179,0.585433
0.046700,-0.021161
0.510204,-0.508454
0.451148,0.539977
0.480639,0.574240
-0.027850,-0.269595
0.079208,-0.340761
-0.447564,0.363588
0.334376,0.423773
0.479971,0.541051
0.326721,-0.581378
0.590392,-0.466912
-0.480153,-0.115143
0.315217,0.446198
0.428692,0.585231
0.246697,0.521302
-0.485536,-0.242258
0.678741,-0.454209
-0.613228,-0.037923
-0.536937,0.441031
0.321833,-0.616282
-0.570855,-0.411662
-0.521856,-0.281852
-0.249800,0.523258
0.420603,0.552360
-0.575516,-0.227678
0.150076,-0.729629
-0.357544,0.245739
-0.116643,0.207390
0.412572,0.504175
0.500149,0.588992
0.455869,0.568183
0.603364,-0.493870
0.106032,-0.588723
0.595657,-0.329171
-0.128215,-0.239714
-0.518657,-0.240747
-0.577087,-0.257100
0.084242,0.367549
0.528811,-0.550884
0.213791,0.433701
-0.466605,-0.012905
0.516475,0.010629
0.468147,0.559349
0.628505,-0.489595
0.272744,0.529904
0.173846,-0.570662
-0.298552,-0.536212
0.401930,0.585122
-0.112344,0.213644
-0.495760,-0.158820
-0.575578,-0.406459
0.380918,-0.583246
0.451713,0.563938
0.583712,-0.514204
-0.564683,-0.316880
0.045472,0.213995
-0.580250,0.035045
-0.471893,-0.065192
0.463492,0.481082
0.156785,0.538354
-0.206588,-0.543895
0.378520,-0.618076
0.489492,0.582206
-0.097882,-0.145413
0.389016,0.400421
0.186327,-0.660622
0.252666,0.638692
0.119871,-0.727223
0.371645,0.434799
0.490825,0.570283
0.535502,-0.542088
0.420418,0.580404
0.196509,0.530044
0.490037,0.545497
-0.388763,-0.353473
-0.509719,-0.193603
-0.572307,-0.241262
0.359598,0.171006
-0.373211,0.116541
0.461340,-0.583417
0.419518,-0.602028
0.404233,0.269919
0.129140,-0.740497
0.468051,0.553354
0.072801,-0.757584
0.545935,-0.541615
-0.499713,-0.013105
0.037491,0.541801
-0.466315,-0.270344
0.332199,-0.627298
0.498077,-0.482062
0.456277,0.575051
0.607779,-0.475784
0.478975,-0.065905
0.185488,-0.707860
0.308642,0.569909
-0.604969,0.584387
-0.314178,-0.381043
0.468887,0.558988
0.336455,0.090828
-0.465259,-0.321454
0.156320,-0.183586
0.553559,-0.311914
-0.307380,-0.068091
0.148940,-0.722012
-0.517837,-0.300589
-0.635830,-0.270391
0.350465,0.536340
0.158721,-0.705637
0.214726,-0.533977
-0.112242,0.275282
0.091746,-0.726077
0.243297,0.611481
0.487693,0.546418
0.487215,0.574440
-0.377301,0.222606
-0.629835,0.322720
0.590990,-0.463791
-0.586165,0.348106
0.560409,-0.399166
0.482277,0.578949
-0.417559,-0.101597
0.348587,0.515806
-0.547550,-0.324182
0.318456,-0.630894
0.350786,-0.564894
0.574362,-0.465523
0.417386,-0.604621
-0.574506,0.032326
-0.549420,0.010857
-0.216306,-0.151281
-0.594390,-0.283719
0.371942,0.588231
-0.615552,-0.290233
0.045703,0.298075
0.321175,0.501875
-0.035792,-0.630389
0.137872,-0.591236
0.310596,0.524588
0.337636,0.523838
-0.614697,0.249599
0.071003,-0.424779
-0.432832,-0.147817
-0.293611,-0.439931
0.231716,-0.670601
-0.318449,-0.421865
0.256605,0.486435
0.621032,-0.407468
-0.593257,0.148693
-0.443361,-0.373161
0.474885,-0.463725
0.569561,-0.484706
-0.072680,-0.554510
0.405961,0.509925
-0.416927,0.035648
0.092159,-0.739587
0.522904,-0.496990
-0.191003,-0.120422
0.638137,-0.417723
0.502087,-0.453767
0.282239,0.459867
0.267622,0.479956
0.415403,0.349840
0.158995,-0.702726
-0.099058,0.453378
0.176468,-0.467143
0.334252,0.473286
-0.449806,-0.019660
-0.518503,-0.303703
0.434987,0.562263
0.086021,-0.745797
0.527958,-0.387092
0.193579,-0.656179
-0.367625,-0.187219
0.360214,0.582284
0.000518,0.578802
0.473677,0.292784
-0.459096,-0.363522
0.668998,-0.466731
0.250282,0.545203
0.404191,-0.598873
0.465543,-0.462548
0.611862,-0.462534
0.683464,-0.448300
-0.557291,-0.270454
0.045375,0.134070
-0.275009,0.104561
0.464009,0.554817
0.616827,-0.465810
0.660029,-0.442990
-0.598923,0.174760
0.308941,0.315074
-0.599524,-0.131626
-0.228294,-0.615766
0.105233,-0.716862
0.416485,0.560131
0.125539,-0.654184
-0.413400,-0.439078
0.302443,0.291731
0.091431,-0.733900
0.575992,-0.347603
0.418412,-0.565448
0.448468,0.462354
0.610851,-0.474847
-0.150899,0.053998
0.473144,0.576069
0.600917,0.477314
0.368667,-0.616064
0.429529,0.554746
0.481643,0.038016
-0.145185,-0.391007
0.642348,-0.468174
0.309247,-0.211775
0.498406,-0.338022
-0.068819,0.231432
0.383600,-0.406745
0.406077,0.581000
0.535247,-0.480764
0.438395,0.458248
0.436375,0.372853
-0.624210,-0.373600
-0.551935,-0.371761
0.386942,0.527083
-0.528393,0.569366
0.529956,0.512179
0.431796,0.605561
0.494340,0.565912
0.459142,0.543200
0.155004,-0.688102
0.142207,0.439666
-0.310532,0.004212
0.076017,-0.615415
-0.587042,-0.286308
0.440931,0.569343
0.334900,0.536921
0.535074,-0.460657
-0.438292,0.578691
-0.124725,0.031956
-0.513016,-0.418164
-0.560831,0.544858
-0.044354,-0.495662
0.622806,-0.503051
0.087599,-0.750803
-0.583238,0.566172
0.166302,-0.651462
0.615921,-0.449190
0.483910,0.561203
0.657897,-0.475617
-0.561886,0.531427
-0.455940,0.561267
0.637157,-0.485351
0.408948,0.517080
-0.584589,-0.347353
0.568014,-0.422949
-0.339693,-0.468891
-0.432827,-0.308363
0.311000,0.564485
0.125127,-0.690992
0.388634,0.437810
0.354192,0.442203
-0.572878,0.317286
0.539262,-0.236617
0.204812,-0.661886
-0.403513,0.309657
0.650537,-0.469379
0.370074,0.128868
-0.570860,-0.194008
-0.614137,-0.267160
-0.158376,0.201641
0.133603,-0.739601
0.174955,-0.710529
-0.612542,-0.321819
0.286670,0.319138
0.436584,0.482038
-0.370069,0.436887
0.049153,0.361190
-0.592427,-0.341708
-0.020763,-0.350919
-0.475714,0.370297
0.314738,-0.654096
-0.046330,-0.600631
0.314569,-0.369682
0.586796,-0.501143
-0.017085,-0.357040
0.426980,0.498905
-0.208557,-0.443712
0.183251,-0.711592
-0.540807,-0.381756
0.649746,-0.390635
0.347373,0.500073
0.465647,-0.244114
0.168612,0.229464
-0.048934,0.387572
-0.293395,-0.480857
0.612948,-0.487245
0.314111,0.614936
-0.548800,0.391740
-0.243805,-0.027722
0.372549,0.558167
0.239936,0.439770
0.029532,-0.331233
0.565222,-0.434302
0.450773,0.588151
0.306665,-0.410832
0.131278,-0.734592
0.115567,0.201294
-0.021858,-0.530639
0.409808,0.493709
-0.504957,-0.349498
0.460917,0.571724
0.036774,-0.743016
-0.413710,-0.425717
0.534674,-0.458260
0.157322,-0.717739
0.315920,0.608270
-0.594496,-0.313227
-0.608257,-0.030771
-0.482077,0.223892
0.600542,-0.510881
-0.086217,0.464073
0.225597,-0.695327
-0.621284,0.576163
0.469181,0.524761
-0.091327,-0.661182
-0.591184,-0.374289
0.305651,-0.608214
0.413415,0.534412
-0.302185,0.178272
-0.566193,0.007008
0.371759,0.537224
0.431039,0.399024
0.308089,-0.611944
0.587761,-0.276688
0.567521,-0.388198
-0.585513,-0.080162
-0.449785,-0.178880
-0.385566,-0.317394
-0.479161,-0.207767
-0.529379,-0.331107
0.600663,-0.477472
0.121750,-0.714084
0.171446,-0.611286
-0.353668,0.266650
0.140037,-0.691054
-0.262779,-0.442618
-0.008139,0.414401
0.234658,0.064048
-0.622066,-0.384830
0.305263,0.434024
-0.136492,0.352806
0.109701,-0.747422
0.264601,-0.596488
0.319025,-0.452582
0.434319,0.588255
-0.507263,0.025786
-0.278387,0.426083
0.635624,-0.475678
0.285704,0.427355
-0.489974,-0.138428
0.597025,-0.491235
-0.002797,-0.349755
0.388193,-0.584783
0.106082,-0.754357
0.108564,-0.646141
-0.577550,0.069659
-0.090456,-0.050884
0.500413,0.586303
-0.395663,-0.397995
0.460058,0.561383
-0.438153,0.193605
-0.284580,-0.495658
0.145214,-0.497737
0.480780,0.530655
0.592851,-0.467128
0.270910,0.597806
-0.110669,-0.210906
-0.207972,0.252369
0.280215,0.459574
-0.536041,-0.233438
-0.477673,-0.082485
0.287990,-0.666085
0.529191,-0.540407
0.432951,0.541302
0.571294,-0.258482
-0.607932,-0.193190
0.527351,0.552687
-0.544733,-0.244038
0.421863,0.508895
0.447268,-0.584283
-0.495986,-0.346001
0.243765,-0.650032
0.605509,-0.488642
0.086497,0.041717
0.287662,-0.647655
0.611878,-0.468917
0.024865,-0.175877
0.343693,0.406712
0.384768,0.572578
0.565802,-0.481612
-0.475427,-0.128408
-0.232493,0.158728
0.609599,-0.401714
-0.570177,-0.208823
0.613516,-0.486138
0.252611,-0.611054
0.685226,-0.464396
0.236311,-0.108612
-0.279616,-0.441446
-0.493620,-0.284553
0.149819,-0.726612
0.054456,-0.306212
-0.624237,-0.262704
0.541002,-0.509201
-0.414052,-0.316535
0.390399,0.380663
0.103394,-0.748142
0.474615,0.558863
0.214333,-0.663924
0.073921,-0.593708
0.244501,-0.628237
0.629044,-0.457668
0.064530,0.059212
0.087601,-0.129375
0.426497,0.562359
0.119366,-0.715424
-0.186516,-0.082024
0.365845,0.439715
0.573189,-0.241069
-0.611622,-0.365099
0.613779,-0.507258
-0.060536,0.195273
0.307565,-0.633571
-0.315050,-0.169476
-0.436217,-0.278462
-0.577581,-0.349090
-0.464367,-0.331053
0.083991,-0.367283
-0.633073,-0.238680
0.369170,0.227153
0.621477,-0.498761
0.542189,-0.436748
0.077519,-0.738261
0.490448,0.563619
-0.593898,0.600493
0.280086,0.203378
-0.583393,-0.381968
0.068583,-0.732118
0.511143,0.596065
-0.252367,-0.260093
0.205451,0.500046
0.080868,0.623201
-0.159605,0.225457
0.336563,0.406018
0.410797,-0.525786
-0.191310,-0.305243
-0.391642,-0.349534
0.393306,0.590918
0.091326,-0.658123
-0.572466,0.166914
0.666937,-0.462462
-0.565491,-0.395617
0.382429,0.044166
0.005450,-0.441748
0.386021,0.560357
0.270603,0.536414
0.453599,0.557775
0.099376,-0.673298
-0.367822,-0.089691
0.614293,-0.436416
0.119546,-0.161619
-0.373894,-0.510519
-0.116575,-0.342777
0.452633,0.515917
-0.501736,-0.059062
-0.406376,0.114414
-0.464002,-0.196864
0.257205,0.357067
-0.635048,0.451522
-0.026404,0.023133
0.353315,0.513839
0.438848,0.528169
0.429295,0.554711
0.234197,0.430777
0.472543,0.579731
0.041155,-0.643753
0.395365,0.517923
0.576729,-0.436983
-0.550505,0.514319
0.365231,-0.585936
0.205583,0.495260
-0.490569,-0.414775
0.122866,0.259491
0.653624,-0.463246
0.093916,-0.735929
0.637441,-0.444171
-0.080934,-0.240226
-0.069984,-0.012667
-0.580373,-0.213481
0.315494,0.581949
-0.380001,-0.038551
0.283208,-0.560909
-0.514129,0.447449
-0.209578,-0.263669
0.328708,0.441164
0.409466,0.453569
0.319465,0.547988
0.378784,0.490029
0.427400,0.380098
0.080302,-0.750345
-0.330905,-0.219006
-0.520491,-0.123096
0.332508,0.557006
0.052708,-0.660404
0.337209,0.467891
0.086446,-0.727514
-0.539044,-0.331452
0.258421,-0.647937
0.464821,0.482867
0.098231,-0.712596
0.013910,0.022366
0.263258,-0.283981
0.365918,0.594521
-0.568926,-0.178866
-0.435406,-0.251430
-0.489183,-0.265621
0.441753,0.389842
0.094823,-0.754431
0.195269,-0.708359
0.474260,0.572362
-0.328328,-0.281732
-0.192660,-0.193040
0.463611,-0.413275
0.158995,-0.702726
-0.355513,-0.174003
0.535626,0.010753
0.135312,-0.675055
-0.093501,-0.540820
-0.134950,-0.382031
-0.614104,-0.326920
-0.320701,-0.232610
0.163736,-0.713393
0.144599,0.211408
0.104300,0.385184
0.496033,0.491866
0.017345,-0.081459
0.342795,0.509407
-0.123507,-0.338894
0.278371,0.487380
0.175439,-0.700574
-0.422205,-0.138754
-0.337964,-0.180771
-0.546552,0.124228
0.617274,-0.480124
-0.309430,-0.208666
-0.509119,0.532510
0.158704,-0.441570
0.344181,0.460939
-0.593202,0.575727
0.193830,-0.648219
0.280614,-0.407298
0.599347,-0.510111
0.216527,0.128468
-0.586874,0.575556
0.659923,-0.465207
-0.251446,-0.546127
-0.221000,0.322937
-0.613647,0.582966
-0.585723,0.597841
0.487125,0.573937
0.450585,0.497388
0.648896,-0.470663
0.107251,-0.562041
0.249087,0.401942
0.629404,0.167374
-0.102461,-0.476878
-0.568523,0.432673
0.624741,-0.285666
-0.453780,-0.421169
0.322120,0.469850
-0.546450,0.459313
0.415523,0.539111
0.591121,-0.364585
-0.037988,0.266124
0.606336,-0.424069
0.133245,-0.678123
0.656647,-0.472535
0.098802,-0.753140
0.408399,0.547223
0.484561,-0.393821
0.048956,-0.620284
0.320907,0.008685
0.403423,0.417661
-0.596809,0.608679
-0.515480,-0.365908
-0.589001,-0.379764
-0.418645,-0.009331
-0.594994,0.329325
0.099276,-0.727869
0.430076,-0.563596
0.461292,-0.433818
-0.565051,-0.369804
0.216616,-0.621798
0.176556,-0.620139
0.008586,0.459335
-0.569871,0.599040
-0.559006,-0.202236
-0.285371,0.288176
-0.623157,-0.209505
0.479756,0.555158
-0.608578,-0.380516
0.153351,-0.089286
0.384049,0.529480
-0.103684,-0.644756
0.339946,0.528025
-0.112144,-0.549825
-0.206255,-0.178624
0.065959,0.485125
0.001895,-0.706000
-0.557053,-0.363686
0.592373,-0.341749
0.114241,-0.734899
0.505937,-0.069706
0.417400,0.579688
-0.524679,-0.166679
-0.468751,-0.464797
0.207866,-0.634943
0.489658,-0.008308
0.123376,-0.127642
0.140427,-0.686843
-0.002838,-0.560566
0.270676,0.293101
0.227413,0.643695
-0.452999,-0.309200
-0.548056,-0.376434
-0.471863,-0.170673
-0.166610,-0.538460
0.157182,-0.698464
0.517739,-0.545652
0.454018,0.578690
0.210984,-0.378187
0.331147,-0.522105
0.380822,-0.624512
0.314781,0.292104
-0.580604,-0.172415
0.439473,0.548780
0.287054,0.303077
0.054878,-0.743958
0.479014,-0.413253
0.616745,-0.392941
0.462016,0.596364
0.477285,0.457530
0.469076,0.563914
-0.016467,0.561815
0.196595,0.390541
0.164789,-0.682793
0.269879,0.046868
-0.396639,-0.083324
-0.195364,0.553387
-0.629128,-0.174287
0.389501,0.582851
0.166320,-0.705241
0.452403,0.459033
0.487073,0.596606
0.520190,-0.549156
0.608375,-0.285399
0.307999,0.583107
0.224514,-0.648154
-0.424521,-0.261611
-0.497632,-0.260780
0.463891,0.539155
-0.636385,0.352979
-0.603630,-0.317713
-0.450878,-0.361021
-0.585853,-0.356330
0.397423,0.481197
0.411537,0.483065
0.640809,-0.492690
0.650537,-0.469379
0.214423,-0.369822
0.124584,-0.647857
0.084429,0.246080
0.193420,-0.690393
0.557344,-0.153787
0.539163,0.391636
0.230117,0.606526
0.109694,-0.715623
0.654002,-0.441709
-0.528255,-0.449593
-0.206833,-0.175898
0.373437,0.516808
0.400006,-0.604937
0.103672,-0.680650
0.559669,-0.481901
0.500252,0.599676
-0.585204,0.602994
-0.312088,0.416302
0.468147,0.559349
0.099161,0.580615
-0.633108,-0.372137
-0.644900,-0.305604
-0.535910,0.539401
0.367967,0.480176
0.165928,-0.705408
0.136844,-0.708234
0.309839,0.586219
0.560218,-0.336503
-0.198985,-0.297158
-0.259556,-0.121860
0.496290,0.554815
-0.060475,-0.524050
-0.088728,-0.503688
0.115083,-0.684964
-0.597710,-0.303632
0.375223,0.471511
-0.150918,0.100764
-0.484644,0.041745
-0.545497,0.519423
-0.514297,-0.085477
-0.493321,-0.210193
-0.298422,0.345394
0.628058,-0.465144
0.165327,-0.615704
0.081133,0.387761
-0.450876,0.438477
-0.607548,-0.329304
-0.519458,-0.285108
-0.495834,-0.104650
0.419713,0.584132
0.389963,-0.512607
-0.408081,0.059693
0.167335,-0.699452
0.646443,-0.479947
0.402018,-0.581511
0.462894,0.558396
-0.262158,0.435782
-0.249907,-0.346668
0.460892,0.580792
0.529149,-0.520556
-0.507384,-0.297529
0.371677,0.582253
0.145206,-0.729626
0.092507,-0.755794
-0.001128,0.055426
0.433589,0.528557
0.092173,-0.736135
0.376589,-0.225458
0.407522,0.525101
-0.607139,0.584336
0.567808,-0.476020
0.146813,-0.485528
0.220267,0.486424
0.324539,-0.440256
0.339866,0.499492
-0.168542,-0.577202
0.674475,-0.444335
0.448056,0.493235
-0.616427,-0.300731
-0.138188,0.374309
0.559937,-0.498622
0.119147,0.457275
0.481964,0.589137
-0.585040,0.593651
0.357072,-0.630569
-0.063509,0.665248
-0.594213,-0.343375
0.391395,-0.475754
0.248483,-0.676370
0.401676,0.462757
-0.343168,-0.369218
-0.619840,-0.161942
0.538504,-0.531636
0.059244,-0.547623
-0.396513,-0.465354
0.125999,-0.731209
0.331668,-0.564412
0.344336,-0.256392
0.217409,0.390756
-0.069906,0.448049
0.324716,0.459772
-0.544006,0.438301
-0.582183,-0.361937
0.002229,-0.104425
0.136600,-0.734639
-0.497067,-0.373775
0.418386,-0.567828
0.516145,0.595679
0.102222,-0.460357
0.591480,-0.430506
-0.079596,-0.681088
0.218261,0.237725
-0.002082,-0.310177
0.381617,0.529340
-0.017470,-0.530970
-0.224785,-0.169879
0.116087,-0.743760
0.156994,-0.719139
0.106079,-0.723940
0.443143,-0.474241
0.156238,0.549656
-0.343907,0.226836
0.101324,-0.744787
-0.496738,-0.380931
-0.598579,-0.307443
0.254967,-0.006805
0.075673,-0.573442
0.433713,0.589934
0.456587,0.564140
0.151928,0.038116
-0.105376,-0.081453
0.164816,-0.691077
0.380935,0.482712
-0.441981,-0.212341
0.468799,0.578624
0.366664,0.537716
0.423820,-0.594149
0.449122,0.580675
0.180669,0.137715
0.025308,-0.606037
0.131681,-0.709619
0.479521,0.553532
0.075156,-0.253618
0.269485,-0.118826
-0.571472,-0.302832
0.410202,-0.588991
0.648585,-0.391224
0.324516,-0.647001
0.397718,0.288482
0.136692,-0.727357
-0.043067,0.493041
0.436573,-0.205602
-0.470428,-0.064386
0.384571,0.464386
0.105430,-0.737232
0.449187,0.435335
0.503358,-0.403174
-0.069889,-0.190696
0.228653,0.315211
-0.126804,-0.240490
0.246191,0.445655
-0.444029,0.195477
-0.101404,-0.624035
0.187774,-0.704771
0.532861,-0.535203
0.032940,-0.707452
-0.378674,-0.384530
0.097077,-0.730109
-0.618710,-0.368511
0.257731,-0.673318
0.355965,-0.620736
0.195232,-0.711149
0.326686,0.596718
-0.621287,-0.340221
0.487973,-0.477022
0.358722,0.573329
0.264983,-0.159774
0.402766,0.545367
0.284938,-0.611019
0.226644,-0.536107
-0.020600,-0.559398
0.165979,-0.555023
0.055740,0.614642
-0.066397,0.638949
0.309196,0.530858
0.244809,-0.686859
-0.613093,0.595576
0.164625,-0.715428
0.414712,-0.593897
0.494094,0.580592
-0.578745,-0.159898
0.143617,-0.719651
-0.206271,0.505438
-0.150785,0.459469
-0.553874,-0.324121
0.420550,0.580955
-0.487247,-0.354538
0.421970,0.515109
-0.403189,-0.361724
-0.641287,-0.405302
-0.604489,-0.265280
-0.593597,0.590111
0.391186,0.209979
0.096062,-0.504413
0.507000,-0.493193
0.468767,-0.574141
0.039837,0.382531
0.503816,-0.486175
-0.516796,-0.277200
0.209108,-0.660720
0.218122,-0.624527
0.668829,-0.466368
0.031621,-0.733397
0.398881,-0.610021
0.126978,-0.708901
-0.546506,-0.274499
0.468607,0.213224
0.387393,0.566417
0.105678,-0.743027
0.368565,0.321370
-0.260430,-0.341859
0.348915,0.379233
-0.622492,-0.227386
0.574312,-0.481317
0.541972,-0.489961
-0.482186,-0.190263
-0.260548,-0.234209
-0.509853,-0.216237
0.183389,-0.695303
0.352641,-0.630222
0.489631,0.563470
-0.594603,-0.333349
0.076879,0.022451
0.199195,-0.609795
0.448929,0.474852
0.401823,0.567885
0.085930,-0.700848
0.528632,-0.545340
-0.640255,0.138730
-0.517616,-0.225134
-0.550935,0.502121
0.258056,-0.064060
0.489807,0.571748
-0.332346,-0.051523
-0.274741,0.297513
0.233183,-0.642005
0.586093,-0.489602
0.153637,-0.729817
-0.448099,0.082254
0.072758,-0.733128
0.170311,-0.621948
-0.182538,0.300447
0.458241,0.525085
0.602386,-0.456419
0.452849,0.522696
0.125592,-0.701539
0.414515,0.578258
-0.221901,-0.211021
0.089600,-0.743247
0.423713,0.498392
0.332595,0.584896
0.478545,-0.089044
0.086117,-0.658497
0.606158,-0.465474
0.471500,0.559513
0.370436,0.561139
-0.632917,0.064595
-0.483794,-0.118595
-0.129359,-0.594732
0.418297,0.521543
0.002387,-0.071627
-0.592548,-0.145092
0.118382,-0.371487
-0.580024,-0.341724
-0.553413,-0.272143
-0.050107,-0.684585
0.344026,0.482951
0.376790,0.538480
0.100981,-0.715099
-0.589563,-0.369997
0.320696,0.598901
0.049761,0.215029
-0.360183,-0.006867
0.349861,0.415269
-0.308986,-0.142594
-0.034687,-0.605105
0.052845,0.274200
0.269097,-0.671237
-0.513188,-0.215461
0.215850,-0.689778
-0.577063,-0.247810
-0.519114,-0.307923
0.067921,-0.112095
0.631960,-0.480378
0.624766,-0.492492
0.438378,-0.567543
0.128381,-0.690982
0.112151,-0.631405
-0.255007,0.221214
0.430413,-0.322725
0.282311,0.317940
0.417394,0.527480
0.436567,0.567517
0.146000,-0.529172
0.072606,-0.751378
0.535849,-0.525670
0.546044,-0.497036
0.296025,0.584524
0.455130,0.535522
0.113736,-0.484999
0.499276,0.506144
0.641003,-0.464433
-0.039125,0.334262
0.577944,0.090218
0.202663,-0.622509
-0.464215,-0.187416
-0.627849,-0.330978
-0.317905,-0.058893
0.414684,0.451331
-0.342709,0.265373
0.310676,0.450765
0.116058,0.047135
0.395365,0.581273
0.230850,-0.010583
0.395261,0.400228
0.084408,0.680207
0.250748,0.496595
0.492999,-0.497824
-0.259082,0.428450
0.380792,0.557622
-0.562550,-0.364633
0.369089,-0.041839
0.334083,0.571176
0.109629,-0.729237
0.453747,0.556233
0.160557,-0.716102
-0.224569,-0.355853
0.044822,-0.644427
0.580867,-0.418850
-0.501196,-0.383585
0.365310,0.544537
-0.194006,0.031628
-0.117094,-0.051211
-0.571014,-0.313482
0.641349,-0.401802
0.306361,-0.445589
0.440371,0.460641
0.565735,-0.531585
0.441335,0.562806
0.130282,-0.729596
0.102555,-0.606289
-0.545034,-0.388587
-0.614213,0.555814
0.212971,-0.657803
-0.011957,-0.698385
0.180908,-0.359473
0.632653,-0.473137
0.404283,-0.581736
0.001755,-0.159574
0.302008,-0.031292
0.466090,0.568301
-0.508958,0.296633
0.461716,0.558377
0.297515,-0.643343
0.140842,-0.068011
0.614100,-0.393005
-0.585864,0.581097
-0.634442,-0.397093
-0.276962,-0.522581
0.588797,-0.486459
-0.243133,0.041803
-0.184308,-0.342816
0.661918,-0.479514
0.665899,-0.462495
-0.532251,-0.395132
0.517089,0.576101
-0.589117,0.586804
0.416842,0.535448
0.556890,-0.529442
0.651088,-0.456735
0.446583,0.495259
0.518626,0.583603
0.353865,-0.633007
0.101425,-0.727270
0.641132,-0.493541
0.102915,0.559815
0.366755,0.384941
-0.583429,0.546628
0.571463,-0.496894
-0.560532,-0.037536
-0.547288,0.419670
0.361501,0.177227
-0.022787,-0.606939
0.285215,0.622172
0.570150,-0.473059
0.083555,-0.678657
-0.324858,-0.109783
0.057971,-0.219865
0.048188,-0.536736
0.315970,-0.348785
0.478114,0.567408
0.198333,0.318838
0.165190,-0.709342
0.240428,0.502033
-0.018376,0.320509
-0.504718,0.182498
0.418479,0.595168
-0.305331,-0.277715
-0.317149,-0.153257
0.484593,0.537350
-0.350406,-0.068402
0.489079,-0.561776
0.103092,0.419140
0.537420,-0.513321
0.084176,-0.580485
0.653238,-0.481372
0.086694,-0.737908
0.017527,0.057733
-0.307708,0.420276
0.460775,0.065883
-0.366690,-0.458716
0.437110,0.521450
0.177267,-0.651927
-0.514061,0.551284
0.115914,-0.733421
0.284725,-0.657271
0.266746,-0.157271
0.421995,0.590131
0.473056,0.586987
0.490954,0.580257
-0.606195,-0.370462
-0.017593,-0.460724
0.646834,-0.418261
-0.314833,0.194533
-0.029112,-0.533384
0.393400,0.570076
-0.033733,-0.395949
0.486737,-0.296149
0.169559,0.311140
-0.573781,0.602574
0.486495,0.575781
0.141858,-0.040951
-0.128354,-0.068786
-0.612869,0.586711
0.071354,0.093563
0.327655,0.559303
-0.583836,-0.239677
-0.539016,-0.089067
0.465151,-0.582523
0.035265,-0.400174
-0.569868,-0.274943
-0.147060,-0.238771
0.312361,-0.488288
-0.389084,0.037744
0.133775,0.401076
0.100822,-0.728767
0.362234,0.513788
0.657860,-0.462147
0.374627,0.491419
0.400780,0.481634
-0.471513,-0.263797
0.231322,-0.616518
0.487962,-0.542352
0.579992,-0.415383
0.411553,0.515142
0.092133,-0.722746
-0.642062,-0.242928
0.287129,-0.627959
0.256852,0.393545
0.362559,-0.274939
0.002803,-0.715118
0.484190,0.598668
-0.627179,-0.305186
0.394425,0.596285
0.436820,-0.573943
-0.483517,-0.430378
-0.230956,0.362915
-0.272321,-0.447171
0.616817,-0.468698
0.318405,-0.611870
0.442845,0.108979
0.473751,0.556682
0.141042,0.421234
-0.585130,-0.298048
-0.510908,0.583695
-0.370577,-0.246243
0.586499,-0.290862
0.264426,-0.615611
0.375448,0.547768
-0.576739,-0.253275
-0.578092,-0.282669
0.498841,-0.120716
0.440609,0.552981
-0.599906,0.596610
0.434618,0.559675
0.014705,-0.619865
0.472740,-0.403935
-0.611769,-0.304444
-0.003789,0.246306
0.635568,-0.365169
-0.059781,0.443933
0.392366,0.507574
0.643751,-0.457780
0.556105,-0.506262
-0.078302,-0.055482
-0.558430,-0.247657
-0.581184,-0.347262
0.572407,-0.488435
0.052302,-0.482462
0.116392,-0.745601
0.218762,-0.629895
0.240017,-0.684849
0.485471,0.588875
0.672246,-0.470233
0.401281,0.496702
0.405486,0.488252
-0.423580,-0.202045
0.031325,-0.361692
0.460203,0.491399
-0.195598,-0.390389
0.463702,0.560563
0.455150,0.587834
-0.527005,-0.405058
-0.345595,-0.361794
-0.477358,-0.286625
0.238115,0.213037
0.131614,-0.466319
-0.053263,-0.356093
0.593107,-0.432945
0.510128,0.388304
-0.469043,-0.206926
0.565699,-0.421903
0.296426,0.583023
-0.244110,-0.383629
0.243093,0.522189
0.001995,-0.639526
0.132401,0.444045
0.412320,0.514605
-0.316286,-0.113753
-0.551990,-0.326876
0.625049,-0.444133
-0.095219,-0.032047
0.446115,0.400458
0.565458,-0.312263
0.472265,0.536147
0.138003,-0.730436
0.423820,-0.594149
0.398964,0.458418
0.088047,-0.750914
0.449776,0.465460
0.416016,0.570211
-0.388768,-0.258299
0.551086,-0.428241
0.034895,0.051900
0.403736,0.473995
-0.182163,-0.140554
0.639930,-0.469510
-0.648736,-0.222783
0.297064,-0.625361
-0.626933,-0.315822
0.281619,0.531198
0.455962,0.423322
0.279291,-0.174845
0.150947,-0.717690
-0.297075,-0.366749
0.375859,0.486331
0.115323,-0.386191
-0.009962,0.454605
0.505479,-0.559092
0.308141,-0.598074
0.556965,-0.520874
0.428249,0.594406
0.111913,0.445254
-0.635279,-0.013201
-0.283415,-0.121923
-0.622182,-0.267446
0.434316,0.570095
0.375792,0.418663
0.578108,-0.520399
0.233907,0.315173
-0.344218,-0.253550
-0.439714,-0.160209
0.463916,0.509390
0.608529,-0.471794
0.453411,0.567633
0.595500,-0.515365
0.462166,0.519363
-0.193565,0.474883
0.444765,0.552501
-0.031393,-0.009220
0.475487,-0.561234
0.242938,-0.515053
0.329804,0.184070
0.644348,-0.478763
-0.366173,0.436162
0.581827,-0.484847
0.119867,-0.742064
0.022435,-0.614783
0.343089,0.561053
0.480334,0.611835
0.356870,-0.631628
0.515737,0.581850
-0.606466,-0.359710
0.420953,0.547059
0.644237,-0.468744
-0.581763,-0.069886
0.542440,0.363610
-0.526691,-0.402584
0.250268,0.177527
0.313905,0.488366
0.169050,0.605768
0.332003,-0.626030
0.100134,-0.649580
0.418028,0.549250
0.516263,0.570733
-0.146637,0.084276
-0.590943,-0.373075
0.649046,-0.477905
-0.049919,-0.451427
0.426076,-0.007430
0.384977,0.513106
-0.605103,-0.329978
-0.592748,0.584924
-0.483126,-0.123983
0.341414,-0.200953
0.652623,-0.446010
-0.503871,0.208876
0.295328,0.006657
0.265111,-0.669081
-0.378223,0.380220
0.296262,0.590257
0.066607,-0.133952
0.204203,0.628833
-0.101324,0.534103
-0.205253,-0.560052
0.649325,-0.480647
-0.516696,-0.362143
-0.510767,-0.304830
0.462844,0.460434
0.351133,-0.637638
0.463727,0.580388
0.651482,-0.467360
0.172708,-0.674188
-0.601942,-0.371316
0.470350,0.557796
-0.304911,0.418214
0.078140,-0.751135
0.129014,-0.240449
0.192769,0.250056
0.643618,0.178217
0.095672,-0.518229
0.368578,-0.459347
0.026738,0.596447
0.410501,-0.525078
0.129331,-0.724701
0.060049,-0.487438
0.070329,0.312263
-0.612567,-0.389511
0.455465,0.555582
0.641350,-0.456711
-0.417825,0.055874
0.127668,-0.725542
0.201885,0.453784
-0.453371,0.180181
0.218517,0.453364
0.050156,-0.664227
-0.381287,0.374580
0.199049,0.508954
0.643183,-0.415564
-0.311745,-0.219237
0.044392,0.455895
0.593449,-0.415954
0.211634,0.135728
-0.306101,-0.478897
0.129081,-0.138091
0.283823,0.488621
0.601110,-0.483284
0.197767,-0.658303
0.495298,0.385732
0.523529,0.564393
-0.024824,0.373067
0.441962,0.582937
-0.349276,-0.436614
-0.606359,0.098790
-0.530889,0.289177
-0.184064,-0.066763
0.379824,0.513306
-0.436886,0.253465
-0.228288,0.412752
-0.630652,-0.296642
-0.497405,-0.232644
0.238466,-0.677003
-0.038426,0.169045
0.020622,-0.479070
0.396329,-0.608580
-0.634436,-0.162977
0.067580,-0.718095
-0.410775,-0.386301
-0.031167,-0.394557
-0.378825,0.079930
-0.065023,-0.350357
-0.193601,-0.607634
0.569499,-0.495948
0.331781,0.491586
0.276365,0.441588
0.362713,0.566536
0.010160,-0.271495
0.373591,0.571239
0.587554,-0.349274
0.102655,-0.741088
-0.567599,-0.202522
-0.002382,-0.437595
0.472555,0.346727
0.431391,0.590425
0.569291,-0.529294
0.380448,0.466650
0.333661,0.194532
-0.167180,-0.404485
-0.285595,-0.312196
-0.164611,0.571835
0.460767,0.592378
0.388341,-0.015833
0.417428,0.503942
0.460964,0.257076
0.283430,-0.612126
0.432470,0.570438
-0.305215,-0.331611
0.259442,-0.462234
-0.602747,-0.232506
0.454393,0.457146
-0.277397,-0.480445
-0.289608,-0.563169
-0.624035,-0.272964
0.455664,-0.507458
0.230056,-0.475806
0.418199,-0.312901
0.402041,0.487942
-0.046646,-0.292820
0.155839,0.173421
-0.479389,-0.404728
-0.082967,0.271867
0.153944,-0.707597
-0.591418,-0.350908
0.413997,0.546341
-0.555476,-0.356667
0.188467,0.427560
0.484071,0.338824
0.099817,-0.750587
0.151033,-0.458027
0.428150,0.586970
-0.601113,0.486055
0.114520,-0.708470
0.106143,-0.676378
0.222909,-0.645578
-0.214995,0.274171
-0.594066,-0.067362
0.449262,0.512455
-0.141881,-0.656891
-0.480744,0.530267
-0.537088,-0.340307
0.455041,-0.396121
0.218903,-0.590196
0.557236,-0.356786
-0.079435,-0.565773
-0.585168,-0.288473
0.049417,-0.720762
0.473555,0.582211
0.595735,-0.479236
-0.541314,-0.364012
0.202937,0.252425
0.594016,-0.212605
0.072540,-0.479477
0.140768,-0.740006
0.102418,-0.746525
0.471721,0.494377
-0.025406,-0.396169
0.077495,-0.732667
0.428288,-0.421633
0.483095,0.589949
0.580119,-0.513319
0.645714,-0.435399
0.464801,0.529607
0.497347,0.587631
0.326749,0.251016
0.013851,-0.047767
0.416476,-0.597600
0.411767,0.503315
-0.538771,-0.283406
0.056909,-0.622074
0.166414,-0.715312
0.464005,0.569107
0.298788,0.229635
0.422529,0.575519
0.468936,0.568955
0.418829,0.568404
0.172124,-0.233474
0.581061,-0.370023
0.457770,0.577543
0.142910,-0.689403
0.392215,0.502484
0.579572,-0.438672
0.422697,-0.483750
0.277086,0.534752
-0.588216,-0.339173
-0.517385,0.564203
0.477889,-0.471963
0.613644,-0.457948
0.425767,0.539196
0.330176,0.454353
0.502117,0.513384
0.371043,0.441169
0.034286,0.516432
-0.095553,0.426498
0.086831,-0.684193
-0.534923,-0.420510
-0.017521,-0.659103
-0.119582,-0.269540
-0.582760,0.134715
0.017364,-0.161060
0.011023,-0.547030
-0.127185,-0.571460
-0.260886,-0.455070
-0.633092,-0.311174
0.566409,0.365942
0.607649,-0.458100
0.375679,0.262219
0.632399,-0.445346
0.470034,0.560410
0.228721,-0.456904
0.456277,0.575051
0.392163,0.605841
0.446563,0.416741
0.285794,-0.627562
0.158212,-0.663204
-0.312260,0.070420
-0.155092,0.440048
0.340279,0.439862
0.328322,-0.054559
0.316135,0.478804
0.425794,0.480561
-0.113662,0.358792
-0.528624,-0.181419
0.412726,0.572957
0.646706,-0.470810
-0.584967,-0.329198
0.110143,-0.726462
0.105966,-0.745827
0.503278,-0.513002
0.076722,-0.684070
0.306064,0.534651
0.495616,0.545843
0.443558,0.575117
0.492090,0.561895
-0.207102,0.207247
0.623284,-0.474559
-0.338091,-0.557011
0.369329,-0.610133
-0.047278,-0.327816
-0.098801,0.664202
-0.595493,-0.368197
-0.504588,-0.019012
-0.380080,-0.480884
0.476209,-0.541652
-0.367183,0.158969
0.370735,0.245391
0.016983,-0.525628
0.236504,0.504948
-0.157161,-0.166221
0.402743,0.522700
0.258960,-0.565131
-0.000362,-0.620646
-0.112719,-0.675822
0.586757,-0.500958
0.462610,-0.424923
0.103889,-0.716483
-0.207841,-0.580604
0.638077,-0.474299
0.222504,-0.308177
-0.147195,-0.241844
0.616449,-0.485500
0.517842,-0.526244
0.428331,0.577084
0.092697,-0.727292
-0.054895,0.594567
0.429334,0.588562
0.277270,-0.128779
-0.218179,-0.457695
-0.627419,-0.382399
0.483174,0.574198
-0.593904,0.583705
0.559944,-0.203404
-0.317781,0.265186
0.065093,0.323684
0.321041,-0.647191
-0.313094,-0.017043
0.626418,0.264134
0.308976,-0.653443
-0.342471,0.258200
-0.368600,0.445109
0.075717,-0.671277
-0.262645,-0.343533
-0.636518,-0.355323
0.243104,0.332792
0.374461,0.114719
-0.366831,-0.460269
0.513115,0.524393
0.583623,-0.505646
-0.578519,-0.205571
-0.041146,-0.614134
-0.432966,-0.317492
-0.499548,-0.116769
0.430692,0.417947
-0.564470,0.524793
-0.602690,-0.277942
0.277081,-0.671696
-0.615409,-0.303997
0.676533,-0.466444
-0.570941,0.505154
0.334865,-0.570624
0.082546,-0.750357
-0.135318,-0.622832
0.044780,-0.680940
0.362325,-0.615583
0.343335,-0.497731
0.504451,0.528880
-0.589165,0.584235
-0.262471,0.054349
0.236600,-0.488156
-0.525988,0.603770
-0.032570,0.142890
-0.232278,-0.087290
-0.065799,-0.636097
0.059098,-0.611236
0.397609,-0.536545
-0.559970,0.118726
0.276974,-0.664756
0.182376,0.094659
-0.609427,0.577583
0.092732,-0.585390
-0.101079,0.398576
0.468284,-0.538859
0.252214,-0.582840
0.601088,-0.514958
0.441166,0.523488
0.329165,0.635435
0.464020,0.461180
0.419999,0.550051
0.472609,0.553233
0.482289,0.595056
-0.357526,-0.480672
0.529629,-0.525376
0.392060,0.533712
0.218873,0.546244
-0.313244,0.098194
0.012308,-0.686580
-0.025918,0.227187
0.116833,-0.706013
0.373538,0.541394
0.158186,0.469848
0.126684,0.402351
0.486266,0.573463
0.110380,-0.705989
0.090463,-0.751707
0.316627,0.285934
0.191370,0.174232
-0.614169,0.206822
0.146156,-0.719104
0.435283,0.496731
0.410622,-0.605088
-0.449986,-0.258062
0.320294,0.240840
0.119005,-0.580133
-0.200853,-0.331833
0.073921,-0.593708
-0.089811,0.253107
0.382429,0.044166
-0.616200,-0.369650
0.311818,0.540294
0.291643,0.153054
-0.341459,-0.394593
0.536588,-0.497951
0.486965,0.532915
0.200659,0.291126
0.086592,-0.723206
-0.615613,0.549662
0.548754,-0.508503
0.342234,0.585286
0.183324,-0.696034
0.055487,-0.705290
-0.269797,-0.154533
0.212158,0.483176
-0.457694,-0.110078
0.235287,-0.200725
0.570409,-0.458877
0.397889,0.436715
-0.405072,-0.267466
-0.581824,-0.361984
0.074808,-0.664977
0.034067,0.547653
-0.189317,0.274431
0.639089,-0.467727
0.620320,-0.445677
0.115473,-0.696857
0.486096,-0.338642
0.143843,-0.690250
0.040647,0.196804
0.483084,0.579562
0.407335,0.469337
0.225531,0.473777
0.532501,-0.540328
0.213800,-0.689437
0.380176,0.527102
0.074067,-0.758229
0.218533,0.450619
0.240057,-0.688696
0.573424,-0.438386
0.270787,0.093607
0.066464,-0.747344
0.480380,0.567606
0.077401,-0.740696
0.318241,0.381626
-0.572255,0.257891
0.278643,-0.657907
0.405244,0.603216
0.412401,0.579966
0.426878,0.449736
0.114301,-0.640128
-0.571934,-0.428084
-0.317824,-0.183664
0.314631,-0.653579
0.401563,0.540160
0.081245,-0.750729
0.631779,-0.495016
0.585320,-0.201584
0.239627,-0.283894
-0.462242,-0.220404
0.056351,-0.415597
0.500834,0.591715
-0.081522,0.500992
-0.265492,0.151853
0.397096,-0.561071
-0.462778,0.297430
0.434367,-0.052036
0.059880,0.380516
0.458673,0.552355
0.429357,0.564623
0.612441,-0.418775
-0.484674,0.571702
0.236389,0.413770
0.389923,0.558771
0.497375,-0.109707
-0.300039,0.132757
-0.202934,-0.376397
-0.242013,0.175922
0.660611,-0.466205
0.315409,0.504406
0.070350,-0.741451
-0.581143,0.064360
-0.485523,-0.120612
0.284999,-0.168619
-0.557721,-0.350274
0.586057,-0.286911
0.349011,-0.638047
-0.036316,-0.471084
0.453591,0.571928
0.550565,-0.497417
0.165652,-0.355459
0.270757,0.461610
-0.599187,0.588729
0.094627,-0.706728
0.442859,0.458779
0.614331,-0.470231
0.033912,0.362456
0.369170,0.227153
0.456611,-0.547693
0.329297,0.289973
0.471482,-0.372407
0.395456,-0.466775
0.178320,0.342508
0.576117,-0.513608
-0.376819,-0.128577
0.435701,0.583891
0.474866,0.468630
-0.458307,-0.240268
0.128070,-0.698422
-0.542409,0.141775
0.068522,-0.710939
0.093201,-0.729513
0.235874,0.448664
-0.000927,-0.364089
-0.014231,-0.531586
-0.496091,0.322647
0.575970,-0.424789
0.154149,0.585834
0.428506,0.503467
0.245068,0.396929
0.381476,0.496338
0.536030,-0.319571
-0.601545,-0.141790
0.380125,0.549159
0.095900,-0.744490
-0.168515,-0.390640
-0.563268,-0.326020
0.118386,-0.749965
0.252592,0.543106
0.287385,-0.523956
-0.587328,0.561700
-0.524667,-0.263509
0.099346,0.083459
0.588544,-0.474880
-0.149472,-0.340400
-0.581776,-0.344910
0.062945,-0.579541
0.411786,0.586696
0.473287,0.567363
0.462155,0.572930
-0.526986,0.243659
-0.567523,0.274701
0.268319,0.338023
-0.589053,-0.345699
0.091958,0.067708
0.422175,0.454448
-0.446326,-0.433888
0.353385,0.492239
0.305963,-0.606838
0.229578,-0.076147
0.611266,-0.340205
0.162730,-0.666688
-0.365579,-0.433189
0.306525,-0.373003
0.118915,-0.723103
0.578582,-0.311660
0.445067,0.545603
-0.487961,0.505076
0.487026,0.570036
0.571746,-0.318099
0.095439,-0.700499
0.459098,-0.492324
0.431341,0.554405
0.458182,0.554575
-0.575307,-0.277979
0.485081,0.581795
0.594560,-0.283435
0.378468,0.552700
0.649226,-0.445558
-0.649743,-0.390264
0.349951,0.599703
0.137843,0.515896
0.609122,-0.458427
-0.516868,-0.175861
0.145193,-0.714461
0.541715,-0.449794
0.020342,0.650676
0.384741,0.596647
0.192700,0.503500
0.426165,0.545165
0.151107,-0.697251
0.433736,0.564069
0.125190,0.603325
0.476912,0.577083
-0.115817,-0.646291
0.612143,-0.480891
0.495970,0.551887
0.134919,-0.733321
0.446621,0.517743
0.367672,-0.071276
0.122251,-0.017014
0.063513,0.220197
0.245130,-0.211550
-0.505918,-0.213782
-0.618482,-0.206205
-0.600109,0.562458
0.309033,-0.228693
-0.467935,0.070238
0.135626,-0.681456
-0.047174,0.388225
0.576084,-0.478479
-0.286178,0.424877
0.436698,-0.322682
0.643474,-0.469390
0.449192,0.560349
-0.628442,0.373002
0.291092,0.029686
0.502041,0.576654
-0.521726,0.548215
0.382220,-0.323001
0.115813,-0.660938
0.129098,-0.727515
-0.087680,0.424487
0.312798,0.507961
0.444350,0.582080
0.109863,-0.701586
0.392279,-0.419772
-0.279608,-0.022884
-0.610272,-0.183488
-0.046953,-0.662056
0.160636,0.453342
0.135163,-0.683757
-0.370975,0.283543
0.630816,-0.439813
-0.018157,-0.270630
0.163680,0.021489
-0.589988,0.583632
0.509955,-0.534466
0.167335,-0.699452
-0.552773,-0.390036
0.339894,0.581558
-0.228538,-0.371098
0.527188,-0.474604
0.580584,-0.498312
-0.080508,0.406545
-0.612806,0.352093
0.194093,-0.711684
0.100720,-0.672637
0.140186,-0.074037
0.531926,0.541921
-0.573886,-0.382846
-0.608650,-0.134770
0.077807,0.612720
-0.579369,0.599572
-0.209430,-0.196242
0.100223,-0.745499
0.331693,-0.636723
-0.477487,-0.007981
-0.529432,-0.370288
-0.522440,0.530649
0.106328,-0.703077
-0.331655,0.067885
-0.662619,-0.046032
-0.407203,0.138914
0.153684,0.594146
0.617646,-0.448231
0.467739,0.578713
0.125293,-0.732993
0.596357,-0.496236
-0.048055,-0.303420
-0.032170,0.528473
0.422432,0.567852
-0.611831,0.574857
-0.323316,-0.303999
0.121661,-0.459123
0.191014,-0.711465
0.483155,0.476043
0.422783,-0.319560
0.072704,-0.722281
0.059617,0.307887
0.132381,-0.582335
-0.645443,-0.271873
0.396890,0.560234
-0.130810,0.528251
-0.145661,0.162209
0.599513,-0.459679
0.442195,-0.248192
-0.524123,-0.101968
0.612631,-0.485816
0.104721,0.330524
0.233363,0.562366
0.186289,0.505147
-0.521879,-0.405936
0.451716,-0.579328
-0.390917,-0.463641
0.096398,-0.727793
0.288055,-0.213700
0.253998,-0.676037
-0.233881,-0.612931
0.355437,0.579593
0.205892,-0.701525
0.028138,-0.744036
0.605705,-0.371022
0.619087,-0.503864
0.347565,0.507393
0.276835,-0.610160
0.567867,-0.474492
-0.561547,-0.357450
0.398148,0.551010
0.205058,-0.683006
0.417368,-0.485117
0.464068,0.568774
0.091063,-0.674763
0.012433,0.015580
-0.236251,0.177450
0.277428,0.587427
0.467968,-0.435031
0.429418,0.611694
0.127852,-0.668398
-0.067779,-0.622575
0.586240,-0.523547
0.495301,-0.014782
0.110935,-0.743999
0.478649,0.564573
0.577544,-0.512748
0.514787,-0.508931
-0.533876,-0.285741
0.380136,0.397594
-0.546390,-0.392335
0.170394,-0.700350
0.321851,0.130963
0.108028,-0.730062
0.099560,-0.370561
-0.450616,-0.143169
0.067174,-0.644247
0.116793,-0.579472
0.645890,-0.474049
0.035681,0.117266
-0.426252,-0.425811
-0.533291,0.451930
-0.602355,-0.070211
0.137953,-0.704819
-0.013335,-0.587193
0.240443,0.590302
0.620120,-0.479115
0.239718,-0.685995
0.411973,0.540756
0.486088,0.572373
0.641296,-0.481336
0.215639,-0.674823
0.314567,-0.586431
0.100134,-0.649580
0.595968,-0.505187
-0.538747,-0.348077
0.336696,-0.199987
0.095032,-0.743562
0.288476,0.612167
-0.555489,-0.281875
0.672494,-0.440165
0.383834,-0.612018
-0.638181,-0.351568
0.259822,-0.101959
-0.466297,-0.149887
0.436812,0.527862
-0.529838,-0.250623
0.456811,-0.524663
-0.006434,-0.522381
0.036698,-0.692198
0.435507,0.575563
0.051178,0.617070
0.354549,0.527159
-0.415114,-0.207437
-0.602528,-0.261020
0.363076,0.595325
0.425975,0.484142
0.162381,-0.488397
0.296459,0.622296
0.558343,-0.458354
0.446672,-0.557631
0.133919,-0.720626
0.397082,0.450242
0.102936,-0.554455
0.080793,-0.741680
-0.603307,-0.324496
-0.455372,0.014016
-0.469479,-0.095083
0.628644,-0.472559
0.092901,-0.731853
0.113560,-0.318293
0.173322,-0.714753
0.173000,-0.711268
0.291442,0.411434
0.436687,0.531609
0.138173,-0.730042
-0.603726,-0.328797
0.383219,-0.590375
0.466221,-0.502268
0.640429,-0.469711
0.207206,-0.684750
0.634251,-0.466791
-0.269944,0.391045
0.408770,0.537368
-0.210452,-0.588088
0.207474,0.189374
0.598142,-0.486721
-0.310954,0.235891
0.384455,-0.576809
0.626361,-0.488839
0.127403,-0.584236
0.656394,-0.473025
-0.609572,-0.365094
-0.422658,0.447615
0.465483,0.551155
0.078445,-0.480990
0.004019,-0.637664
-0.508420,-0.310986
-0.372851,-0.467820
-0.100038,-0.051249
0.068516,0.115134
0.197906,-0.695661
0.362541,0.592269
-0.647920,-0.009486
0.504566,0.578304
0.593400,-0.413274
0.471547,0.533084
0.037158,0.542672
0.426420,0.568554
0.289968,0.537346
0.641091,-0.438018
-0.436282,-0.289571
-0.231181,-0.195894
0.260299,-0.645425
0.452147,0.564059
-0.318594,-0.454474
0.450075,-0.587598
0.557587,-0.475102
0.470350,0.557796
-0.106237,0.190518
0.132325,0.538154
0.351490,0.517240
0.489077,-0.401042
0.477713,0.574920
0.380968,-0.103720
0.197013,-0.665059
-0.601929,-0.360681
0.391854,-0.394194
0.424642,0.560006
-0.527559,0.576210
0.052648,0.548061
-0.610878,-0.139287
-0.082055,-0.082066
-0.018763,-0.370474
-0.555116,-0.344138
0.088955,0.598360
0.219057,-0.687347
-0.558368,0.012492
0.567010,-0.525076
0.560543,-0.490590
0.341341,-0.336534
0.475755,0.534384
0.444193,0.533121
0.091836,0.063601
-0.428910,-0.202834
0.455405,-0.538416
-0.360742,0.100120
0.377351,0.574670
-0.610762,-0.146606
0.203631,-0.695530
0.616789,-0.502118
0.601805,-0.500915
0.300284,0.555707
0.470642,-0.270841
0.378425,-0.587389
0.628638,-0.481711
0.371885,0.596491
0.486793,0.576655
-0.380420,-0.381429
-0.208843,-0.375627
0.105991,-0.731927
0.496919,0.583695
0.407449,0.557610
0.192958,-0.466111
0.355185,0.449573
0.431028,0.529138
-0.154792,0.289057
-0.370975,0.283543
0.479208,0.569605
0.595334,-0.467342
0.421312,-0.584433
-0.345844,0.048087
0.601079,-0.441129
-0.453287,-0.086878
0.424339,0.592376
0.636974,-0.488790
0.592389,-0.459196
0.645820,-0.465385
0.372311,0.324169
-0.096026,0.159081
0.292579,-0.597620
0.468222,0.412235
0.467743,0.572278
0.028521,0.542911
0.555022,-0.519250
-0.584764,-0.367593
0.158552,-0.720374
0.484609,0.539414
0.091706,0.406163
-0.548742,0.130396
0.260757,0.629301
0.569725,-0.477016
0.631677,-0.415204
0.630763,-0.468983
0.432953,0.432504
0.298592,-0.617425
0.323146,0.475306
0.256969,0.519789
-0.351989,-0.453670
0.580595,-0.392411
-0.385788,0.169868
0.578921,-0.475075
0.084057,-0.180462
-0.513620,-0.241742
0.549205,-0.518064
-0.591176,-0.370807
0.645010,-0.482935
0.363156,0.560801
0.285554,0.582569
0.401500,0.567633
0.587923,-0.494759
0.415194,0.528895
-0.597568,-0.183597
0.040972,0.544315
-0.309134,-0.074003
0.165747,-0.658892
0.562247,-0.514146
-0.616985,-0.377437
-0.360844,-0.122870
-0.652261,0.043056
0.047352,-0.500149
-0.526636,0.518389
-0.599114,-0.297216
0.035718,0.140659
0.261687,-0.615531
-0.004175,0.121107
0.207664,-0.659329
0.460015,0.563392
-0.238122,-0.469986
0.158645,-0.597501
0.473688,-0.114100
0.026567,0.332974
0.561222,-0.444965
-0.195418,-0.318985
0.020831,-0.589553
-0.049248,0.395035
0.401946,0.548190
0.054207,-0.011033
0.214333,-0.663924
0.407934,-0.460191
-0.572289,-0.354640
0.102982,-0.671771
0.388200,-0.613723
0.209201,-0.558165
0.480171,0.566417
0.405351,0.524672
0.313341,0.403017
0.166757,-0.566372
0.136394,-0.624527
-0.388323,-0.390440
0.470158,0.465294
-0.503679,-0.205678
-0.063153,-0.059223
-0.074113,-0.520565
0.251891,0.242222
-0.581031,-0.283809
0.353551,0.551113
-0.126515,-0.245645
0.075904,-0.732247
0.122370,-0.743511
0.179683,0.585314
0.565473,-0.519790
0.451957,-0.529647
0.389702,0.502565
0.253346,0.476302
-0.590514,0.578722
-0.157598,-0.465681
0.065288,-0.634659
0.492305,0.575347
0.277080,0.493389
0.134476,0.500085
-0.604272,0.601307
-0.531274,-0.325075
0.219061,0.426061
0.127379,-0.708053
0.629336,-0.442745
-0.468005,0.538197
0.103219,-0.742308
0.109435,-0.637106
0.470766,0.587702
-0.295989,-0.347742
-0.640276,-0.391899
0.380927,0.585511
0.351578,0.544595
-0.565802,-0.381914
0.261093,0.558981
0.313781,0.560011
0.300682,0.497621
-0.140158,-0.631994
-0.607005,0.035129
-0.143327,-0.090554
-0.466653,-0.285075
0.175313,-0.563464
0.149650,-0.707117
0.467916,0.586791
0.512387,0.581203
0.497049,-0.450550
-0.514968,-0.137078
0.448230,0.574304
0.635137,0.268253
-0.105837,-0.246337
0.569228,-0.498704
0.165226,-0.708103
0.137235,-0.712311
-0.570294,-0.246701
0.150738,0.456169
0.498752,-0.560052
-0.488384,0.533456
0.459619,0.583518
0.617033,-0.472181
0.352771,0.469874
0.360349,0.561492
0.484130,0.568481
0.096448,-0.424251
0.428556,0.553345
-0.623451,-0.321008
-0.538480,-0.402360
-0.550667,0.567143
0.186730,0.210274
0.658076,-0.407419
0.649301,-0.441918
0.381436,0.595864
-0.309265,0.262509
-0.488435,0.008070
0.329796,0.296241
0.062288,0.074695
-0.417726,-0.322184
0.277982,0.477143
0.560132,-0.410693
-0.619903,-0.282541
0.619367,-0.489787
0.123244,-0.714617
0.144977,-0.719607
0.613733,-0.505452
-0.468431,0.341954
0.473793,0.534896
0.640751,-0.469135
0.429492,0.562947
0.071361,-0.728635
-0.491108,-0.312576
-0.612197,-0.406284
0.146806,-0.657123
-0.576726,-0.344714
0.399049,0.496193
0.146319,-0.688653
0.304191,0.394270
0.178523,0.469285
0.449054,0.505538
0.412570,-0.538112
0.598156,-0.495103
-0.064455,0.006854
-0.383825,0.385618
0.119818,-0.725673
0.125834,-0.718125
0.042123,-0.702369
0.114366,0.141069
0.026888,-0.691226
0.114240,-0.742004
-0.370107,-0.215192
0.353741,0.585968
0.045931,-0.604625
0.432239,0.457288
-0.227952,-0.476817
-0.499705,-0.204886
0.549755,0.428550
0.456589,0.493305
0.132060,-0.710477
0.331602,0.607419
0.517800,-0.515552
0.474361,0.570959
0.410885,0.511243
0.296358,0.557926
0.110724,-0.739229
0.362680,-0.620486
0.300161,0.204194
0.536994,-0.293536
-0.505681,-0.400182
0.252870,-0.683189
0.373751,0.406167
-0.596086,0.593102
0.099057,-0.694972
-0.641339,-0.287175
-0.103194,-0.481415
-0.237753,0.468576
0.191279,0.495080
0.469167,-0.490174
0.403548,-0.105398
0.318383,-0.582345
-0.198537,0.391029
0.374985,0.547023
-0.602793,0.587477
0.460346,0.465487
0.493131,0.578874
0.450650,0.490244
-0.244330,0.192423
0.290327,0.607483
0.672833,-0.450773
0.037614,-0.651134
0.314235,0.551023
-0.262487,-0.221892
-0.593803,0.317267
0.626789,-0.439384
0.637906,-0.463469
0.490606,0.580077
0.589952,-0.507111
0.460873,0.194241
0.279351,0.313360
-0.533128,-0.082018
0.155776,-0.730921
-0.578326,-0.404647
0.446012,0.569697
0.154863,-0.700214
-0.482904,-0.009047
0.250525,-0.681606
0.569174,-0.499471
0.410530,0.546724
-0.574096,0.372454
0.137648,-0.723342
0.628820,-0.422990
0.346890,0.542287
-0.100808,-0.305182
-0.423931,0.425614
0.134738,0.011435
0.458580,0.451977
0.074732,-0.729134
0.631748,-0.488131
-0.529555,-0.115158
-0.555512,0.554035
0.611211,-0.319113
0.313563,0.260261
0.665770,-0.432460
0.334706,0.559971
0.366196,0.488341
0.465441,0.574824
0.454836,0.568307
0.148295,0.502259
0.082158,-0.728478
0.100476,-0.743769
-0.549230,0.425735
0.205428,-0.603562
0.114525,-0.731420
0.555037,0.520924
0.402077,0.585159
0.355437,0.579593
0.337969,-0.455804
0.307195,-0.582929
0.635651,-0.472641
0.290452,0.494623
-0.618150,-0.282179
0.499289,-0.486377
0.438893,0.469897
0.474124,0.547207
0.629286,-0.487027
0.551527,0.167183
0.651995,-0.451996
-0.428938,-0.181796
0.635552,0.504032
0.239325,-0.676465
0.040086,-0.521684
0.591543,-0.479301
-0.195101,-0.396269
0.190841,-0.061727
0.003652,-0.612650
0.304961,0.434852
0.092721,0.403842
0.411630,-0.205939
0.516446,-0.336515
-0.479597,0.432562
0.096886,-0.747670
0.592498,-0.478432
-0.612523,-0.314677
-0.096770,-0.569602
0.617772,-0.451042
-0.119689,0.512969
0.166144,-0.657219
-0.440456,0.247253
0.271757,0.261538
0.612576,-0.414497
-0.033678,-0.594557
0.566962,-0.527838
0.111282,-0.713152
0.487896,0.577770
-0.252765,0.455760
0.106100,0.109257
0.500276,-0.542104
-0.089862,-0.416999
0.523958,-0.550376
0.487927,0.542652
0.581374,-0.513935
0.523581,-0.552416
0.477877,0.585252
0.434455,0.529323
-0.543803,0.607102
-0.630759,-0.330649
-0.517327,-0.183635
0.601288,-0.430787
0.143844,-0.712597
-0.626720,-0.346431
0.217272,-0.669039
0.462579,-0.369660
0.404421,0.577686
0.176798,0.457023
0.535898,-0.478750
0.663459,-0.458329
-0.552859,0.143327
0.454656,0.437604
-0.267204,0.607616
0.268988,0.559673
0.434110,0.281373
0.236193,-0.675588
-0.352369,0.174784
0.583540,-0.472977
0.402989,0.539572
0.616566,-0.464987
0.412445,0.531470
-0.084799,-0.446423
0.336694,0.501143
0.092034,-0.733642
0.669851,-0.433149
0.350222,0.513732
-0.107698,-0.373232
0.195559,-0.659068
0.426299,0.546176
0.489698,0.579588
0.361448,0.590414
0.180748,0.091212
0.096746,-0.427789
0.140074,0.240894
0.009878,0.354786
0.276894,0.491205
-0.280113,-0.375642
-0.608439,-0.364812
-0.049594,-0.488063
-0.625164,-0.359335
0.572432,-0.344281
0.507146,-0.424313
0.099415,0.150803
-0.436720,-0.218244
-0.136097,-0.439600
-0.431068,0.008642
0.604204,-0.462598
0.208358,-0.703232
-0.131654,0.108726
0.266656,0.554658
0.411873,-0.574084
0.112284,-0.738713
-0.599819,-0.322223
0.628371,-0.471808
-0.567012,0.533844
0.372538,0.500862
-0.158461,-0.226687
0.453354,0.572917
-0.514496,-0.332489
0.455612,0.577350
-0.397608,-0.478904
0.279824,-0.673447
0.332365,-0.625038
-0.561244,0.335979
0.097025,0.519382
0.634788,-0.447899
-0.260242,-0.361105
0.649462,0.372512
0.432313,-0.095353
0.222533,0.398964
0.062118,-0.720440
0.635687,-0.489365
-0.559732,-0.346171
0.366001,-0.467484
0.363693,0.572110
0.272209,0.555660
0.579921,-0.399088
0.287158,-0.649258
0.318270,0.539043
0.643833,-0.485026
-0.068223,-0.328872
0.068053,-0.101361
0.413174,-0.594303
-0.591063,-0.060245
-0.019209,0.421002
0.555589,-0.483079
-0.531521,-0.235277
0.335144,0.012645
0.239793,0.532323
-0.617259,-0.229174
-0.492504,-0.262666
0.140691,-0.739724
0.036544,-0.659060
0.616499,-0.427232
-0.590589,-0.422210
0.167262,-0.651039
0.541787,-0.362900
-0.138019,-0.523752
0.133945,-0.704517
0.052649,0.041366
-0.153787,-0.502099
0.132232,-0.670155
0.368434,0.535661
-0.632962,-0.350466
-0.320991,0.457455
0.511143,0.596065
0.062750,-0.527815
0.136901,-0.741188
-0.564905,0.507882
0.350882,-0.612033
0.325299,0.578306
0.537854,-0.538625
0.642544,-0.448092
-0.584635,0.521537
-0.159864,-0.278457
0.091071,0.644833
0.444038,0.544880
0.545830,-0.494619
0.233607,-0.462850
-0.393831,-0.377693
0.661719,-0.465255
0.220652,-0.660820
0.112344,-0.658981
-0.081104,0.246684
0.576314,-0.493648
0.443357,0.587602
0.475179,0.561878
0.033281,0.361354
0.284737,-0.585076
0.084894,-0.749174
0.465846,0.567957
0.076829,-0.754424
0.487201,0.576683
-0.516332,0.486753
0.114990,0.554365
-0.450926,-0.288924
0.468035,-0.276564
0.506128,0.574829
0.384455,-0.576809
-0.177794,-0.430072
-0.581782,0.580888
0.047223,-0.688076
-0.566640,-0.366866
0.152006,0.286131
0.508431,-0.551735
0.144156,-0.728524
0.091276,-0.741804
0.199340,-0.044152
0.467482,0.509797
0.268395,0.598541
-0.118746,-0.400824
-0.377491,-0.424459
0.089331,0.045182
0.418704,0.521576
0.371793,0.566175
-0.604461,0.594938
-0.526397,-0.437386
-0.632346,-0.214525
0.332680,0.404914
-0.163438,0.516323
0.536325,-0.352994
0.352879,0.385322
0.236074,-0.686593
0.010903,-0.611388
0.407454,0.526220
-0.577200,-0.285408
0.460243,0.388713
0.453472,0.552793
0.127578,-0.425538
-0.260548,-0.234209
0.088409,-0.749380
0.475535,0.557931
0.434948,0.556519
-0.514783,0.205510
-0.535420,0.137359
-0.479153,0.481202
0.624417,-0.490920
-0.530494,-0.160826
0.382050,0.502431
0.459301,-0.422525
-0.647397,-0.230805
0.483190,0.566956
0.398873,-0.602592
0.462386,0.497159
-0.147154,0.302698
0.311977,0.498375
0.602180,-0.407660
0.266699,0.319344
0.453591,0.571928
-0.548633,0.605791
-0.130416,-0.475823
-0.245257,-0.583494
-0.337772,-0.217802
0.628895,-0.458355
0.160321,-0.709366
0.231554,-0.604661
0.612914,-0.445864
-0.136050,-0.379513
0.637617,-0.490224
0.307925,0.444004
0.620981,-0.494664
0.606832,-0.492612
0.416515,0.495248
-0.496615,-0.395872
0.443831,0.452729
0.457855,0.525688
0.165685,-0.723715
0.226554,0.585428
0.082978,-0.684188
0.087163,-0.404264
0.155156,-0.496325
0.671213,-0.462220
0.274769,0.506918
-0.166111,0.011083
0.286034,-0.665295
0.287191,-0.604014
-0.281820,-0.466939
-0.541138,-0.344373
0.554462,-0.295503
0.381873,0.436104
-0.482772,0.541187
0.638467,-0.445642
-0.112344,0.213644
0.618535,-0.471442
0.599513,-0.459679
0.107953,-0.588073
-0.546064,-0.380018
-0.163334,-0.346951
0.506967,0.563409
-0.519028,-0.376699
0.450687,0.567988
0.110142,-0.692055
0.449634,0.574555
0.173052,-0.649842
0.566306,-0.321618
-0.003681,0.320027
0.375942,0.554349
0.604193,-0.501151
0.403845,0.614030
0.226594,-0.639757
0.447533,0.526098
0.328081,0.600516
0.443119,-0.573165
0.180935,-0.539600
0.485994,-0.548598
0.309369,0.407192
-0.210241,0.253093
-0.334431,0.148101
0.131873,0.579297
0.602254,-0.493586
0.163693,0.383463
0.292249,0.607937
-0.635767,-0.315038
-0.211125,0.116810
0.259601,0.450329
0.063342,-0.269233
0.546874,-0.453661
-0.000673,0.194389
-0.213343,-0.460946
0.419797,0.548832
-0.001439,-0.207416
0.087213,-0.721168
0.112103,-0.724401
-0.271149,0.231353
0.354247,0.520876
0.425086,0.565249
-0.471513,-0.263797
-0.245250,0.305502
0.629417,-0.483468
-0.087134,-0.214062
0.414757,0.469157
