-0.115837,-0.105849,0.000000
0.364238,0.223332,2.000000
-0.148198,0.032335,1.000000
0.068069,0.472937,2.000000
-0.421601,-0.099754,0.000000
-0.031957,0.143791,0.000000
0.320454,0.361974,3.000000
0.171930,-0.020235,1.000000
0.229445,0.473602,4.000000
0.351935,0.362901,3.000000
-0.018867,0.034369,1.000000
-0.279015,0.366550,2.000000
-0.268376,-0.430571,3.000000
0.330323,-0.347889,1.000000
0.093132,0.337011,4.000000
-0.036823,0.209661,2.000000
0.165186,0.062772,1.000000
0.218271,0.079806,1.000000
-0.206848,0.267420,2.000000
-0.003807,0.262503,4.000000
0.289154,0.339441,2.000000
-0.098640,0.357328,4.000000
-0.037115,0.327380,4.000000
-0.306197,0.106315,3.000000
0.156325,-0.030755,1.000000
0.227599,-0.209499,0.000000
0.192253,0.016413,1.000000
0.083402,0.427876,2.000000
-0.337303,-0.201313,0.000000
0.235117,0.105183,0.000000
0.094272,-0.688807,3.000000
-0.395004,-0.213287,0.000000
0.421998,-0.583174,3.000000
0.230709,-0.063131,0.000000
0.287049,0.233690,2.000000
-0.509584,-0.361285,3.000000
-0.768101,0.122253,3.000000
0.258045,-0.226678,2.000000
0.035469,0.350481,3.000000
0.216501,0.006739,1.000000
0.211350,0.053470,1.000000
-0.187582,-0.055166,0.000000
0.051907,-0.440932,0.000000
0.203118,0.117040,1.000000
0.190705,-0.172263,0.000000
0.354220,0.589491,2.000000
0.246124,-0.172186,0.000000
0.324076,0.362067,3.000000
-0.160256,0.348292,2.000000
-0.026091,0.199742,2.000000
0.370873,0.225539,2.000000
0.104229,0.411581,2.000000
-0.711396,0.097154,3.000000
0.380622,0.217152,2.000000
-0.041446,0.120211,0.000000
-0.037115,0.327380,4.000000
-0.392688,-0.669043,3.000000
0.031864,-0.205525,2.000000
0.237852,-0.148284,0.000000
0.164361,0.027436,1.000000
-0.104625,-0.097649,0.000000
0.184059,0.076058,1.000000
-0.475258,-0.024084,2.000000
0.101913,0.456598,2.000000
0.009109,-0.198598,2.000000
-0.230017,-0.155063,0.000000
0.690828,-0.128278,3.000000
-0.048574,0.520454,2.000000
0.153106,-0.347723,2.000000
-0.209920,-0.028576,4.000000
-0.710238,-0.353115,1.000000
0.011271,0.387354,2.000000
-0.276818,-0.146590,1.000000
-0.167216,0.031460,2.000000
0.225289,0.682345,2.000000
0.085261,-0.241845,2.000000
-0.241703,0.362967,4.000000
0.339482,-0.085116,0.000000
0.143168,0.391653,2.000000
0.304590,0.471051,2.000000
-0.253969,-0.337470,3.000000
-0.186680,0.346952,2.000000
0.415269,0.438061,3.000000
0.226504,0.210195,1.000000
0.218256,0.029925,1.000000
0.400044,0.456550,3.000000
0.101530,0.049075,1.000000
0.416455,0.439708,3.000000
0.140208,0.073171,1.000000
-0.068422,0.332287,2.000000
0.044799,0.151770,0.000000
0.192187,-0.013775,1.000000
0.212643,0.027290,0.000000
0.334038,0.354920,2.000000
0.310962,0.428490,3.000000
-0.242463,0.205819,2.000000
0.332723,-0.083431,0.000000
-0.092716,0.397692,2.000000
0.198132,0.048765,1.000000
-0.149256,0.380218,2.000000
-0.315190,0.123882,3.000000
0.188079,0.096369,1.000000
-0.177356,0.005102,0.000000
0.081037,0.589786,2.000000
-0.089847,-0.013762,0.000000
0.394897,-0.643857,3.000000
0.265100,0.059070,0.000000
-0.772743,0.119547,3.000000
0.250311,0.119024,2.000000
0.135428,0.738498,2.000000
-0.230278,-0.477127,3.000000
-0.451597,-0.102846,0.000000
-0.192326,0.279546,4.000000
0.153956,0.047312,1.000000
-0.134993,-0.012625,0.000000
0.086726,-0.660760,3.000000
-0.110188,-0.341535,3.000000
0.083424,-0.004408,0.000000
0.233844,0.075294,1.000000
-0.157744,0.046324,3.000000
-0.762351,0.061202,3.000000
0.485227,-0.366178,0.000000
0.202002,-0.044554,1.000000
0.189124,0.055496,0.000000
-0.355618,-0.465599,3.000000
0.015273,0.441936,4.000000
-0.802187,0.075489,3.000000
-0.069020,-0.365553,3.000000
0.090842,-0.159124,0.000000
0.292232,-0.303333,3.000000
-0.128682,-0.015305,0.000000
0.045708,-0.611367,3.000000
-0.265612,-0.729659,3.000000
0.147000,0.628382,2.000000
-0.533042,-0.123767,0.000000
-0.492083,-0.399768,3.000000
0.164895,0.056966,1.000000
0.085150,-0.218742,0.000000
0.100939,0.198136,0.000000
-0.198668,0.343752,4.000000
0.084450,0.419059,2.000000
-0.682202,-0.041984,3.000000
0.101681,0.342615,3.000000
0.078106,0.234101,3.000000
0.165983,-0.037010,1.000000
0.604582,0.089560,3.000000
0.093958,0.344408,4.000000
-0.151625,-0.426225,3.000000
0.193718,0.622854,2.000000
-0.120540,-0.536811,3.000000
-0.184139,-0.059224,0.000000
0.016910,0.160553,1.000000
-0.210211,-0.365190,3.000000
0.329056,-0.061366,0.000000
0.223979,0.051947,1.000000
0.331908,-0.076844,0.000000
0.197751,0.647259,2.000000
0.100309,-0.133966,0.000000
-0.115869,0.253560,2.000000
0.283531,0.118112,1.000000
0.158148,0.167289,0.000000
0.184498,0.361772,2.000000
0.231764,-0.002782,1.000000
-0.709458,0.060692,3.000000
0.160785,0.401177,2.000000
0.348220,0.419615,3.000000
0.229544,-0.689603,3.000000
0.112717,-0.055917,1.000000
-0.120626,0.216317,2.000000
-0.064960,-0.609885,3.000000
-0.128845,-0.680637,3.000000
-0.276596,-0.034823,3.000000
-0.271615,0.185667,0.000000
-0.261540,-0.499564,2.000000
-0.158645,0.308207,2.000000
-0.299343,0.052746,3.000000
-0.099027,0.338429,2.000000
0.420441,0.479373,3.000000
0.082886,0.177642,1.000000
-0.292408,0.059270,3.000000
0.215630,0.316764,0.000000
-0.626644,0.098287,3.000000
0.163533,0.474530,2.000000
0.241036,0.671725,2.000000
0.173145,0.057557,1.000000
0.288838,0.284212,2.000000
0.230380,0.112449,1.000000
-0.071157,-0.323812,3.000000
0.254947,0.038759,1.000000
0.192997,0.002050,0.000000
-0.057584,0.606638,4.000000
0.377319,-0.060667,0.000000
0.442023,0.385862,3.000000
-0.095851,0.196053,2.000000
-0.149455,0.212982,2.000000
-0.448915,0.306994,2.000000
-0.115860,-0.017550,0.000000
0.174628,0.624433,2.000000
-0.494271,-0.379199,3.000000
-0.376787,0.089791,3.000000
-0.701837,0.075616,3.000000
-0.484619,0.102346,3.000000
0.209390,0.356583,3.000000
-0.550200,-0.279267,3.000000
0.231671,0.082412,1.000000
-0.844915,-0.124595,3.000000
0.103493,0.231215,2.000000
0.263474,-0.267206,1.000000
-0.147005,-0.375119,3.000000
0.857150,-0.195691,3.000000
-0.097458,-0.331743,3.000000
0.195408,-0.014711,0.000000
-0.610165,-0.215923,0.000000
-0.108424,0.365285,2.000000
0.240025,0.114124,0.000000
-0.418121,0.199505,2.000000
0.572569,0.132914,3.000000
-0.119944,-0.494237,3.000000
-0.111490,-0.330707,3.000000
0.218044,0.081671,1.000000
0.222428,-0.051500,0.000000
0.182909,0.061708,1.000000
0.309629,0.134955,1.000000
-0.407382,-0.104862,0.000000
0.030936,0.526423,4.000000
0.348267,-0.068348,0.000000
-0.729565,0.020583,3.000000
0.251131,0.135396,1.000000
0.163103,0.383469,4.000000
-0.760544,0.101685,3.000000
0.044718,-0.242787,2.000000
-0.597527,0.086134,2.000000
0.059350,0.724161,2.000000
0.251703,-0.221893,0.000000
-0.147329,-0.304405,3.000000
-0.182241,-0.341671,3.000000
-0.041437,0.317764,2.000000
-0.334758,-0.194495,0.000000
-0.711093,0.187859,0.000000
-0.117997,0.494377,2.000000
0.030670,0.379766,4.000000
0.176002,0.002319,1.000000
0.403321,0.380381,3.000000
-0.710150,-0.051248,3.000000
0.058903,0.216215,2.000000
-0.883961,0.153504,3.000000
-0.143906,-0.375198,3.000000
0.801947,-0.355607,3.000000
0.154380,0.010347,0.000000
0.201371,0.011312,0.000000
-0.089741,0.380496,4.000000
0.442941,0.440834,3.000000
0.336245,0.345171,3.000000
0.361663,0.373633,3.000000
0.385877,0.386792,2.000000
0.098816,0.490449,2.000000
0.385598,-0.166554,0.000000
-0.755252,0.070394,3.000000
-0.077824,-0.225687,3.000000
-0.358941,-0.818798,3.000000
0.411352,0.468440,3.000000
0.261502,0.359582,3.000000
0.085565,0.561508,2.000000
-0.703434,0.124020,3.000000
0.221577,-0.233776,1.000000
0.190437,-0.165124,0.000000
-0.771072,0.072379,3.000000
-0.225367,-0.069551,1.000000
-0.756748,0.100105,3.000000
0.096213,0.255922,2.000000
-0.388620,-0.122528,2.000000
0.278840,0.347571,3.000000
0.016362,-0.290462,2.000000
0.245654,0.360525,3.000000
-0.382247,-0.101427,0.000000
0.437801,-0.660341,3.000000
0.223451,0.028728,1.000000
0.184577,0.093770,1.000000
0.332044,-0.372046,1.000000
0.334698,0.459094,3.000000
0.210702,0.043441,1.000000
-0.099938,-0.309503,3.000000
0.522458,-0.325329,0.000000
0.413556,0.398224,3.000000
-0.116372,0.647679,4.000000
0.195462,0.059487,1.000000
-0.223122,-0.101227,2.000000
0.543658,-0.432762,0.000000
0.146036,0.038774,1.000000
0.045553,0.228961,3.000000
0.202002,-0.044554,1.000000
-0.199712,0.019521,4.000000
0.436957,-0.059892,2.000000
0.354244,0.371706,3.000000
0.052571,-0.024121,0.000000
0.079720,-0.186122,2.000000
-0.030732,-0.188714,3.000000
-0.432393,-0.120889,0.000000
-0.122319,-0.016547,0.000000
-0.072834,0.022535,0.000000
0.428007,0.358223,3.000000
-0.203230,-0.570831,3.000000
-0.319451,-0.232442,0.000000
0.218317,0.394980,3.000000
-0.004744,0.618499,4.000000
0.183868,0.039455,1.000000
-0.812853,0.100159,3.000000
0.207069,0.044802,1.000000
0.195408,-0.014711,0.000000
-0.266508,-0.377816,3.000000
0.058665,-0.545464,3.000000
-0.609130,0.035378,0.000000
-0.046274,-0.061674,0.000000
0.226518,0.352791,3.000000
-0.592742,-0.085349,0.000000
0.167776,-0.344066,0.000000
0.284893,0.573234,2.000000
0.151142,0.397783,2.000000
-0.714627,0.183222,3.000000
0.265422,0.098241,0.000000
0.213375,0.027824,1.000000
-0.149840,-0.019348,0.000000
-0.082846,-0.019822,1.000000
-0.212753,-0.040053,2.000000
0.195586,0.556656,2.000000
0.178019,0.081006,1.000000
0.222852,0.005590,1.000000
0.058655,0.118632,0.000000
-0.053466,0.593267,2.000000
-0.144019,0.280993,2.000000
-0.502561,0.288522,0.000000
0.378184,-0.384577,1.000000
0.218160,0.193299,2.000000
-0.600603,0.241854,0.000000
-0.148948,-0.303632,3.000000
0.319965,0.434495,4.000000
0.054759,0.399025,4.000000
0.114956,0.495742,4.000000
-0.374057,-0.644899,3.000000
0.176291,0.343812,2.000000
-0.214717,-0.126483,0.000000
-0.293026,0.066842,3.000000
-0.540509,-0.373609,3.000000
-0.021693,0.394455,2.000000
-0.058413,0.023801,0.000000
-0.227709,-0.424047,3.000000
-0.494696,-0.429750,3.000000
-0.747957,-0.030072,3.000000
-0.076321,-0.546781,3.000000
-0.706796,0.114279,3.000000
-0.466958,-0.390656,3.000000
0.339925,0.140335,1.000000
-0.046408,0.358429,4.000000
-0.003236,0.438919,4.000000
0.325221,-0.069008,0.000000
0.245739,-0.091380,1.000000
0.198300,0.272555,2.000000
-0.529568,-0.701063,3.000000
0.212378,0.076135,1.000000
-0.149248,-0.514582,3.000000
-0.152970,0.227871,2.000000
0.417307,0.514338,3.000000
-0.069004,0.333393,2.000000
0.033945,0.129699,3.000000
-0.054201,0.291422,2.000000
-0.243589,-0.145064,0.000000
-0.180163,0.379494,2.000000
-0.139832,0.015862,1.000000
-0.150403,0.318275,2.000000
0.147412,-0.851741,3.000000
-0.201229,0.144848,2.000000
-0.344072,0.072791,3.000000
-0.404696,-0.023982,2.000000
-0.167335,0.482312,2.000000
0.132189,-0.202395,0.000000
0.174017,0.109296,1.000000
-0.116424,0.337187,4.000000
0.329006,0.362389,3.000000
-0.102405,-0.666881,2.000000
0.219023,0.043692,0.000000
-0.045499,0.340646,2.000000
0.237956,0.132831,1.000000
0.043612,-0.724962,3.000000
-0.142747,0.189412,2.000000
-0.279735,0.042226,3.000000
-0.849084,-0.126465,3.000000
0.355861,0.525203,3.000000
0.019005,0.431527,4.000000
-0.750233,0.149236,3.000000
-0.108874,-0.342379,3.000000
-0.374461,-0.336477,3.000000
-0.065008,-0.077841,0.000000
0.008047,0.110945,0.000000
0.202259,0.076745,0.000000
0.162936,0.381058,2.000000
0.168958,0.144298,0.000000
0.175928,0.048288,1.000000
-0.474324,-0.377112,3.000000
0.008374,0.131933,0.000000
0.160101,-0.064675,1.000000
0.151425,0.035716,1.000000
0.282408,0.360260,3.000000
0.253719,0.128277,1.000000
0.186515,-0.104006,0.000000
-0.294024,0.073901,3.000000
0.107401,-0.057277,1.000000
0.213462,0.330694,3.000000
0.183983,0.014096,1.000000
-0.370917,-0.102264,0.000000
-0.322434,-0.190653,0.000000
-0.362886,-0.091649,0.000000
0.201788,-0.000005,1.000000
-0.371375,0.090826,3.000000
-0.094360,-0.261033,3.000000
-0.155790,-0.093878,0.000000
0.272799,0.070021,1.000000
-0.127830,0.248063,2.000000
0.229498,0.108977,1.000000
0.199615,-0.034205,1.000000
-0.057184,0.490803,4.000000
-0.252654,-1.213310,3.000000
0.157116,0.478630,0.000000
0.071175,-0.292481,0.000000
-0.196572,0.016551,3.000000
0.269557,0.172437,1.000000
0.339539,0.378086,3.000000
-0.136137,0.346746,2.000000
0.224074,0.050239,1.000000
0.272026,0.104595,1.000000
0.197830,0.048173,1.000000
0.243562,0.035290,1.000000
0.174587,-0.073022,0.000000
-0.491122,0.047209,3.000000
0.005472,0.091559,0.000000
0.157748,0.019480,1.000000
0.351760,0.411306,3.000000
-0.125515,0.004870,2.000000
0.416497,0.439558,3.000000
-0.298871,0.061558,3.000000
0.124108,-0.028110,1.000000
0.274736,-0.235302,0.000000
-0.033363,0.314303,2.000000
0.320771,-0.075413,0.000000
0.219517,0.387019,2.000000
0.218813,-0.227759,0.000000
0.053081,-0.746109,3.000000
0.177984,-0.065159,1.000000
-0.308080,0.265288,4.000000
-0.028690,-0.276959,3.000000
0.025126,0.160234,2.000000
-0.212264,-0.149750,1.000000
-0.458563,0.312946,2.000000
0.354972,0.403672,3.000000
0.307095,0.447670,3.000000
-0.191503,0.479819,2.000000
0.369205,0.341582,2.000000
0.428792,0.483871,3.000000
0.110533,0.199746,0.000000
0.398658,0.456018,3.000000
-0.797553,0.091909,3.000000
0.071071,0.200538,0.000000
0.094653,0.531725,2.000000
0.466019,-0.565517,1.000000
0.195500,0.161921,0.000000
0.312058,0.195200,2.000000
-0.145472,-0.285763,3.000000
-0.491110,-0.377975,3.000000
-0.117483,0.293855,4.000000
0.180879,-0.018001,0.000000
-0.111679,-0.317210,3.000000
-0.271893,0.149946,3.000000
-0.150409,-0.314541,3.000000
0.105691,-0.384692,1.000000
0.327199,-0.067647,0.000000
0.301166,0.277645,2.000000
0.237850,-0.208922,0.000000
0.290886,0.174594,1.000000
0.330410,-0.078594,0.000000
-0.231665,-0.096480,1.000000
-0.334781,-0.035074,2.000000
0.002291,0.116165,0.000000
-0.282931,-0.391439,3.000000
-0.534529,-0.033768,0.000000
-0.653765,-0.771423,3.000000
0.346316,0.334080,3.000000
-0.095330,0.376745,4.000000
-0.084879,0.014695,0.000000
0.199423,0.504370,2.000000
-0.579629,-0.698903,3.000000
-0.187423,-0.051763,0.000000
0.089796,0.296189,2.000000
-0.019026,0.321161,2.000000
0.468301,0.211546,3.000000
-0.013057,0.214814,2.000000
-0.035894,-0.004182,0.000000
0.213694,0.057456,1.000000
-0.487404,-0.382655,3.000000
0.183459,0.546236,2.000000
0.234003,0.105229,0.000000
0.189909,0.027261,0.000000
-0.082009,-0.285380,3.000000
-0.061701,-0.319866,2.000000
0.242289,0.090424,1.000000
0.169372,0.522368,2.000000
-0.571533,-0.737529,3.000000
-0.428587,-0.194590,0.000000
-0.032454,0.196351,2.000000
0.332248,-0.075112,0.000000
-0.150622,-0.015431,0.000000
-0.485353,-0.384226,3.000000
0.019223,-0.263623,2.000000
-0.085115,0.377948,2.000000
-0.040991,-0.498126,3.000000
0.155381,0.341657,3.000000
0.255834,0.491223,2.000000
0.200939,0.081188,1.000000
0.178151,-0.054584,0.000000
-0.146438,-0.003136,2.000000
0.207963,0.098599,1.000000
0.193712,0.048415,1.000000
0.049366,0.491521,2.000000
0.154792,0.397610,2.000000
0.409807,0.423849,3.000000
0.290963,0.146055,0.000000
0.190784,0.152955,0.000000
-0.300845,-0.840678,3.000000
0.414843,0.465511,3.000000
-0.136262,0.392730,2.000000
-0.091567,-0.702966,3.000000
-0.162980,0.269060,4.000000
0.195432,-0.013819,0.000000
-0.127990,-0.370664,3.000000
0.006707,0.265573,2.000000
-0.159598,0.062208,3.000000
-0.530254,-0.393167,3.000000
-0.284351,-0.080554,1.000000
0.051467,0.352282,4.000000
-0.081018,-0.621111,3.000000
0.028944,0.368526,2.000000
-0.437563,-0.118981,0.000000
0.022280,0.069552,1.000000
0.208898,0.412257,4.000000
-0.075270,0.200878,2.000000
0.372350,-0.312034,1.000000
-0.860949,0.106496,3.000000
0.104578,0.531681,4.000000
0.291951,0.431531,4.000000
-0.193615,-0.069418,1.000000
-0.322019,0.131989,3.000000
0.294215,0.447034,2.000000
0.056426,-0.084458,1.000000
0.202874,0.007736,0.000000
-0.167250,0.035553,0.000000
0.360269,0.270432,2.000000
0.049366,0.491521,2.000000
0.169541,0.146691,0.000000
-0.783629,0.074139,3.000000
-0.066022,-0.153931,2.000000
-0.167401,-0.357938,3.000000
0.371424,0.389049,3.000000
-0.199104,-0.072678,1.000000
0.180741,0.254667,2.000000
0.176583,0.059477,1.000000
-0.792608,0.077826,3.000000
0.318008,0.104006,1.000000
-0.238858,-0.094687,1.000000
0.275368,0.405300,3.000000
-0.407930,-0.214984,0.000000
-0.376662,0.330686,2.000000
-0.081704,0.366615,2.000000
0.023825,-0.255968,2.000000
0.360264,-0.064465,0.000000
0.596051,-0.513953,3.000000
0.306112,0.431642,2.000000
0.110888,-0.403806,0.000000
-0.082458,0.420027,4.000000
-0.100586,0.656901,2.000000
-0.236067,0.128087,3.000000
-0.178940,0.269364,2.000000
-0.526141,-0.683220,3.000000
-0.289422,-0.544144,3.000000
0.019171,0.044251,0.000000
0.004347,-0.737765,3.000000
0.228479,0.321948,4.000000
0.041771,0.717257,2.000000
0.226223,0.089172,1.000000
-0.542496,-0.132774,0.000000
-0.151219,0.286705,2.000000
0.067524,0.270448,3.000000
0.183649,-0.145018,0.000000
0.257033,0.483009,3.000000
-0.311901,-0.186826,0.000000
0.182033,0.074927,1.000000
-0.376311,-0.114993,1.000000
0.216972,0.360414,3.000000
-0.109651,-0.036146,0.000000
0.053220,-0.009279,1.000000
0.238253,0.107057,0.000000
-0.036605,-0.007945,0.000000
0.085177,0.000529,0.000000
0.200382,0.050309,0.000000
-0.352272,-0.799618,3.000000
0.171731,-0.487360,2.000000
-0.097529,-0.404843,3.000000
0.077582,0.392202,3.000000
-0.283060,-0.260752,3.000000
0.323122,0.465756,3.000000
0.262913,0.479748,3.000000
-0.077734,-0.250952,3.000000
-0.065830,0.031700,0.000000
0.185369,0.556681,2.000000
0.055077,0.492902,2.000000
0.195888,0.388739,2.000000
-0.068661,-0.533737,3.000000
0.102879,-0.683506,3.000000
-0.108215,0.010334,0.000000
-0.097330,0.402593,2.000000
0.118216,-0.055083,1.000000
0.322559,0.367887,3.000000
0.232155,0.071645,1.000000
0.307711,-0.303980,1.000000
0.053824,0.476668,2.000000
0.248819,0.147227,1.000000
0.318135,0.374358,3.000000
0.041676,-0.347059,0.000000
-0.109636,-0.087053,0.000000
0.332691,0.475938,3.000000
-0.237590,-0.149771,0.000000
-0.240693,-0.101751,1.000000
0.276641,0.436828,2.000000
0.328889,-0.073100,0.000000
-0.430744,-0.691554,3.000000
-0.491675,-0.667937,3.000000
-0.242463,0.205819,2.000000
-0.172085,-0.432849,3.000000
-0.075276,0.355930,3.000000
-0.844529,0.125288,3.000000
0.210219,-0.143892,0.000000
0.062940,0.409606,2.000000
0.231029,-0.103700,0.000000
0.183559,0.382655,3.000000
-0.036633,0.267405,2.000000
0.212730,-0.083400,0.000000
-0.081059,0.022037,0.000000
-0.054230,-0.385936,3.000000
0.287837,0.090726,1.000000
0.180562,0.065167,1.000000
-0.154218,-0.399104,3.000000
-0.620981,-0.115699,0.000000
0.365992,0.494240,3.000000
-0.128013,0.234704,2.000000
0.226639,-0.255500,1.000000
-0.512440,-0.131109,0.000000
0.152870,0.485157,2.000000
0.257485,-0.207243,0.000000
0.038946,0.287513,2.000000
-0.325875,0.063754,3.000000
-0.505620,-0.123761,0.000000
0.192320,0.052284,1.000000
0.653026,-0.142064,3.000000
-0.504956,-0.124657,0.000000
-0.393219,-0.667744,3.000000
-0.228531,-0.051795,2.000000
0.342765,0.352058,3.000000
-0.203867,-0.688612,3.000000
-0.667328,-0.217239,0.000000
0.271386,0.127799,1.000000
-0.135224,-0.004403,3.000000
-0.054526,0.289754,4.000000
0.220276,0.090413,0.000000
-0.207389,-0.326182,3.000000
0.196796,0.080552,1.000000
0.371959,0.416716,3.000000
0.255653,0.152481,1.000000
0.352309,0.182328,0.000000
0.172387,0.055884,1.000000
-0.551551,-0.438707,3.000000
-0.256639,0.135228,3.000000
0.303001,0.364588,2.000000
0.184978,0.308941,2.000000
0.425693,0.458174,3.000000
0.097775,0.406791,3.000000
0.293490,0.364302,3.000000
0.314685,0.390562,2.000000
-0.216947,-0.089029,1.000000
-0.096483,0.424217,2.000000
-0.745692,0.114909,3.000000
-0.035336,-0.455405,3.000000
-0.174058,0.319176,2.000000
-0.092445,-0.368622,3.000000
0.186844,-0.457867,3.000000
-0.095148,-0.307035,3.000000
0.105262,0.704989,2.000000
-0.326822,0.071765,3.000000
0.325773,0.374743,3.000000
-0.272773,-0.191997,0.000000
0.048423,-0.784462,3.000000
0.260952,0.121515,0.000000
-0.739447,0.066575,3.000000
-0.044866,0.696904,2.000000
-0.730561,0.072455,3.000000
0.124004,-0.022545,1.000000
-0.233022,0.282388,1.000000
0.371959,0.436374,3.000000
-0.911655,-0.335462,3.000000
0.289543,0.497835,3.000000
0.172725,-0.037040,0.000000
0.021617,0.034775,0.000000
-0.213482,0.454274,2.000000
0.007252,0.316649,2.000000
0.133075,0.451753,2.000000
0.222209,-0.137381,0.000000
-0.196553,-0.030355,2.000000
0.217879,0.002758,0.000000
-0.222260,-0.578229,3.000000
-0.071027,-0.462312,3.000000
-0.398327,0.170606,2.000000
-0.471937,-0.393381,3.000000
0.425693,0.458174,3.000000
0.278447,0.353106,3.000000
0.002065,-0.747146,3.000000
-0.252654,-1.213310,3.000000
0.237336,-0.043413,1.000000
0.152489,0.062581,1.000000
-0.122473,-0.310351,3.000000
-0.170228,-0.780323,3.000000
0.250860,0.358319,3.000000
-0.767315,0.092448,3.000000
0.507670,-0.560599,3.000000
0.206030,0.383786,3.000000
-0.072473,0.381814,4.000000
-0.160246,-0.469809,3.000000
-0.436685,-0.326235,1.000000
-0.447947,-0.368154,3.000000
0.082813,-0.210237,0.000000
-0.255959,-0.029484,1.000000
0.282349,0.395439,3.000000
0.416415,0.256377,3.000000
0.005274,0.142929,0.000000
-0.119666,0.312497,4.000000
-0.304164,0.113241,3.000000
0.184583,0.066115,1.000000
0.178744,0.509159,4.000000
0.214576,-0.529963,3.000000
0.212126,-0.130484,0.000000
0.155676,0.681365,2.000000
0.127810,0.002348,1.000000
0.230178,0.353679,3.000000
0.334486,0.433773,2.000000
0.344602,0.210450,0.000000
-0.307231,-0.049102,2.000000
0.248821,0.369586,3.000000
-0.115294,-0.376465,3.000000
-0.044753,0.291873,4.000000
0.002928,-0.169508,3.000000
0.104293,0.343367,4.000000
0.208414,0.422081,2.000000
0.215402,0.244747,2.000000
-0.149620,0.208164,2.000000
0.153360,0.003663,1.000000
-0.189823,0.007868,4.000000
0.120049,0.030957,1.000000
0.132040,0.744978,2.000000
-0.283402,-0.207376,0.000000
0.311819,0.439890,3.000000
-0.122275,-0.085165,0.000000
0.171269,-0.090072,1.000000
-0.098884,0.281096,4.000000
0.218272,0.638772,2.000000
0.250406,0.402701,2.000000
0.201925,-0.005115,1.000000
-0.213883,-0.354545,3.000000
-0.823894,0.140924,3.000000
0.165734,0.391504,2.000000
0.163755,0.086892,1.000000
-0.277890,-0.098758,1.000000
-0.151105,-0.370687,3.000000
0.162365,0.350444,3.000000
-0.124667,0.248579,4.000000
-0.008696,0.117426,0.000000
0.072515,0.477791,4.000000
0.414002,0.416375,3.000000
-0.023325,0.350213,2.000000
-0.086422,-0.345310,3.000000
0.053911,-0.026706,0.000000
0.389541,0.327382,3.000000
0.178267,-0.084050,0.000000
-0.011594,-0.381236,2.000000
0.249447,-0.111742,0.000000
0.159982,0.283458,2.000000
-0.001281,0.125403,0.000000
0.190872,0.033783,0.000000
0.253480,-0.118611,0.000000
-0.055234,0.172324,2.000000
0.200161,0.049717,0.000000
-0.208055,-0.385133,3.000000
0.445650,0.360543,3.000000
0.388030,-0.073495,0.000000
0.433132,-0.056289,2.000000
0.179612,-0.068948,0.000000
-0.198013,-0.640436,2.000000
0.344395,-0.060923,0.000000
0.212918,0.100093,1.000000
0.305528,0.152207,1.000000
-0.193917,0.445711,4.000000
-0.265949,0.587643,2.000000
-0.312232,0.088700,3.000000
0.006941,0.075517,0.000000
0.403592,-0.072280,0.000000
-0.043371,0.030608,0.000000
0.416726,0.492443,3.000000
0.028595,-0.486957,3.000000
0.010819,-0.487870,3.000000
-0.805632,0.117271,3.000000
-0.044085,0.188519,2.000000
-0.059054,0.323961,2.000000
0.422229,0.316384,3.000000
-0.089589,0.180378,2.000000
-0.275822,0.129526,3.000000
-0.339930,-0.169418,0.000000
0.205866,0.059013,2.000000
0.418510,-0.065504,0.000000
-0.061466,-0.392319,3.000000
0.345827,-0.064969,0.000000
0.222898,0.084175,0.000000
-0.066073,-0.344310,2.000000
0.189134,0.798614,2.000000
0.298679,0.366554,3.000000
0.050741,0.152225,2.000000
-0.128629,-0.016179,0.000000
0.162364,0.059957,1.000000
-0.298708,-0.336625,3.000000
-0.793080,-0.073616,3.000000
-0.108360,-0.318648,3.000000
-0.863653,-0.097430,3.000000
0.399219,0.546081,3.000000
0.414978,0.334348,3.000000
-0.132522,-0.372343,3.000000
0.425134,0.497096,3.000000
0.252924,0.341808,3.000000
-0.198436,-0.733594,3.000000
0.198288,0.421266,2.000000
-0.227709,-0.424047,3.000000
-0.159520,0.266430,2.000000
0.258537,0.396098,3.000000
-0.053643,-0.379075,3.000000
0.430570,0.408686,3.000000
-0.251713,-0.438990,3.000000
-0.627892,0.115111,3.000000
0.004408,0.590759,4.000000
-0.731896,0.156940,3.000000
-0.329695,0.257084,2.000000
0.196991,0.439555,2.000000
0.226226,0.367709,3.000000
0.247036,0.336849,2.000000
0.133234,0.452177,4.000000
-0.009694,0.230411,0.000000
-0.296039,-0.455980,3.000000
-0.330691,-0.422907,4.000000
0.167942,0.050750,1.000000
0.442799,0.167403,3.000000
-0.210908,-0.184536,3.000000
0.232470,0.601971,2.000000
0.465627,0.173747,3.000000
-0.078082,0.266960,2.000000
0.057666,0.249158,2.000000
0.409743,-0.056386,2.000000
0.177805,-0.002217,0.000000
0.101310,0.094864,1.000000
-0.317683,-0.464957,3.000000
-0.632811,0.138272,3.000000
0.397927,0.424771,3.000000
-0.734731,0.178957,3.000000
-0.643788,-0.377620,3.000000
-0.737106,0.087556,3.000000
-0.168086,0.037117,3.000000
0.369459,0.491790,2.000000
0.231882,-0.138409,0.000000
-0.160702,0.461576,2.000000
-0.131496,-0.006725,0.000000
-0.797140,0.109698,3.000000
-0.074017,0.407450,2.000000
-0.151644,0.026505,3.000000
0.334553,0.323775,3.000000
-0.487581,-0.441394,3.000000
-0.392174,-0.373300,0.000000
-0.152994,0.212258,2.000000
-0.841568,0.116867,3.000000
-0.102647,-0.326936,3.000000
-0.048178,0.314175,2.000000
-0.296477,0.376813,4.000000
0.190062,-0.437130,0.000000
0.253034,-0.120955,2.000000
-0.622854,0.176855,2.000000
0.205433,-0.125410,0.000000
0.127645,0.547498,2.000000
0.216626,0.131598,1.000000
-0.496509,-0.699385,3.000000
-0.003960,0.048955,0.000000
-0.009565,0.063990,0.000000
-0.034666,0.227991,2.000000
0.122341,-0.009169,1.000000
0.296058,0.363546,3.000000
-0.131589,0.472539,4.000000
-0.111456,0.344541,4.000000
-0.136931,0.221086,2.000000
-0.824774,0.145901,3.000000
0.117344,0.399259,2.000000
0.280232,0.463720,3.000000
0.187962,0.156160,1.000000
0.139585,0.597658,4.000000
0.303907,0.443855,2.000000
0.249796,0.079316,3.000000
0.132810,-0.041771,1.000000
0.021862,0.382603,4.000000
0.269983,0.349488,3.000000
0.093823,-0.752476,3.000000
-0.484242,0.205885,3.000000
0.137180,-0.216388,0.000000
-0.344017,-0.195129,0.000000
-0.863619,0.145192,3.000000
0.003686,0.343040,2.000000
-0.439220,0.320803,4.000000
0.201245,0.348248,2.000000
0.221686,0.121338,1.000000
0.280696,0.059405,1.000000
-0.073229,0.198345,3.000000
-0.328273,0.077941,3.000000
0.173229,0.053793,1.000000
0.249994,0.100422,1.000000
-0.248166,0.144233,3.000000
-0.102013,-0.352088,3.000000
-0.115842,0.290360,2.000000
0.233240,0.173531,1.000000
0.121393,0.204612,1.000000
0.011352,0.428537,2.000000
0.157286,0.063765,1.000000
0.213296,0.087173,0.000000
0.091012,0.389065,4.000000
-0.161709,-0.417295,3.000000
0.168032,0.031426,1.000000
0.321157,0.364373,3.000000
0.134023,0.012779,0.000000
0.060249,0.589422,2.000000
0.196209,0.021095,0.000000
0.046632,0.426503,2.000000
0.132651,0.520025,2.000000
0.088313,0.235230,2.000000
-0.060709,0.313883,2.000000
0.144010,-0.001768,1.000000
-0.003855,-0.206664,2.000000
0.186812,0.461095,2.000000
0.186832,0.089238,1.000000
0.223334,-0.201549,0.000000
0.259818,0.354571,3.000000
-0.778300,0.145578,3.000000
0.237184,-0.247633,0.000000
0.143532,0.095958,1.000000
-0.047421,0.342015,2.000000
-0.334780,-0.205224,0.000000
0.088936,-0.028665,1.000000
-0.190779,0.260319,4.000000
-0.799562,0.118889,3.000000
-0.125984,0.429334,2.000000
0.370365,0.326292,3.000000
-0.122403,0.354780,4.000000
0.216050,0.173836,1.000000
-0.081415,0.003137,0.000000
0.278054,0.098757,1.000000
-0.550965,0.078807,2.000000
-0.118510,0.358062,4.000000
0.184684,0.351022,3.000000
-0.046778,0.476537,4.000000
0.374527,-0.088138,0.000000
0.246105,-0.193766,0.000000
-0.804795,0.111391,3.000000
-0.132471,-0.006343,2.000000
0.030678,0.512709,4.000000
0.168304,0.174744,1.000000
-0.068794,0.266188,2.000000
0.056063,0.488259,2.000000
0.382018,0.360812,3.000000
-0.752676,0.189461,0.000000
0.365035,0.222407,2.000000
-0.332424,-0.202740,0.000000
0.045404,0.226965,3.000000
-0.493806,-0.407856,3.000000
-0.456502,-0.121002,0.000000
-0.270502,-0.224041,1.000000
-0.181458,-0.036865,0.000000
0.293562,0.194053,2.000000
-0.269222,0.145175,3.000000
0.472739,-0.422333,2.000000
-0.435241,0.366286,2.000000
-0.083414,0.425154,2.000000
-0.071074,0.456727,4.000000
-0.104204,-0.080187,0.000000
-0.815605,0.063092,3.000000
0.345382,0.368976,3.000000
-0.173831,0.030374,3.000000
0.243192,0.105571,0.000000
0.155071,-0.139523,0.000000
-0.074476,0.267080,4.000000
0.397700,0.104923,3.000000
0.252099,-0.096782,0.000000
0.367277,-0.059595,0.000000
-0.162848,-0.395461,3.000000
-0.659749,-0.698206,3.000000
0.305086,0.539487,3.000000
0.421673,0.566287,3.000000
0.075462,-0.608441,3.000000
0.109457,-0.436236,1.000000
0.184666,0.437756,2.000000
-0.616328,-0.356359,3.000000
0.181464,-0.049805,1.000000
-0.287131,0.077947,3.000000
-0.410059,0.113508,3.000000
0.151749,0.049659,1.000000
-0.250958,0.328235,2.000000
0.196963,0.073145,1.000000
0.342655,0.437588,3.000000
0.122973,0.499347,4.000000
0.004056,0.365357,4.000000
0.054732,-0.019656,3.000000
0.110644,0.277595,3.000000
-0.224716,-0.316142,3.000000
0.050394,-0.448714,2.000000
0.300271,0.390452,3.000000
-0.131853,-0.269522,3.000000
-0.073223,0.201415,3.000000
-0.135479,-0.003222,0.000000
0.124189,-0.150835,0.000000
-0.072489,0.225352,4.000000
0.139632,-0.528653,4.000000
-0.184645,0.425977,4.000000
0.147947,0.054194,1.000000
-0.291338,-0.407942,3.000000
0.333473,-0.075537,0.000000
0.094148,0.305463,2.000000
-0.403912,-0.105324,0.000000
0.016749,-0.453020,3.000000
-0.021175,-0.540637,3.000000
-0.149446,0.298553,2.000000
-0.267236,0.133869,3.000000
0.074723,0.386505,2.000000
0.258795,0.177065,2.000000
0.133890,-0.399579,0.000000
0.401952,0.423051,3.000000
0.427442,-0.049927,2.000000
-0.207520,0.476305,2.000000
0.323293,0.130730,1.000000
-0.059903,0.175830,1.000000
0.142337,-0.090439,1.000000
-0.006259,0.120146,0.000000
0.181746,0.017405,0.000000
0.297679,-0.613464,3.000000
-0.508331,-0.127404,0.000000
0.003607,0.502085,4.000000
0.192997,0.002050,0.000000
-0.381072,0.079689,3.000000
-0.289790,0.076910,3.000000
0.268004,0.675496,2.000000
-0.586232,-0.136488,0.000000
0.453648,0.371429,3.000000
-0.313674,-0.479370,3.000000
0.182056,0.051815,1.000000
-0.650209,0.195753,0.000000
0.185277,-0.431891,2.000000
0.199518,-0.178625,0.000000
-0.594121,-0.127616,0.000000
0.207871,0.044726,0.000000
-0.167459,0.312710,2.000000
0.184184,0.112520,1.000000
0.325895,0.389304,3.000000
-0.464030,-0.400608,3.000000
0.398589,0.373886,3.000000
0.180769,0.058936,1.000000
-0.093914,-0.362444,3.000000
-0.255177,0.346742,2.000000
-0.041384,0.379488,2.000000
-0.121064,0.247876,2.000000
-0.820599,0.095762,3.000000
-0.159401,0.046213,2.000000
-0.426325,-0.074911,1.000000
-0.276848,-0.425363,3.000000
0.395047,0.449351,3.000000
0.175481,-0.027477,1.000000
-0.307953,-0.826961,3.000000
0.244298,0.486690,2.000000
-0.229812,-0.096277,1.000000
-0.138100,0.294727,4.000000
-0.021464,0.090612,2.000000
0.026475,0.218593,3.000000
-0.213883,-0.354545,3.000000
-0.275130,-0.029740,3.000000
-0.020844,-0.213181,4.000000
0.243862,-0.017751,1.000000
-0.125960,-0.401731,3.000000
-0.230786,0.298065,2.000000
0.230901,0.096026,0.000000
0.041911,0.056013,1.000000
0.144511,-0.243936,0.000000
0.373912,0.384830,3.000000
0.376165,-0.061896,0.000000
0.372277,-0.144829,0.000000
-0.213180,-0.139000,0.000000
0.392447,-0.056138,0.000000
0.149281,0.330401,3.000000
-0.293048,-0.397303,3.000000
0.044925,-0.408419,3.000000
-0.378669,-0.675995,3.000000
-0.110730,-0.002552,2.000000
0.352199,0.345054,3.000000
0.009451,0.274888,4.000000
0.042249,0.309398,4.000000
-0.383834,-0.044053,2.000000
-0.016083,0.260657,4.000000
-0.703402,0.088261,3.000000
0.170822,0.087335,1.000000
-0.307004,0.322094,2.000000
-0.454817,-0.121281,0.000000
0.205032,0.022636,0.000000
-0.214015,-0.519824,3.000000
0.234740,0.358754,3.000000
-0.477384,-0.388451,3.000000
-0.887158,-0.342654,3.000000
-0.011678,0.548532,4.000000
0.428191,-0.428354,3.000000
0.178095,0.085285,1.000000
0.007068,0.299077,2.000000
0.020044,0.162092,2.000000
0.108865,0.355293,2.000000
-0.565373,-0.092215,0.000000
-0.025931,0.475679,2.000000
-0.181224,0.098207,3.000000
0.201616,0.041221,1.000000
0.304434,0.358871,3.000000
-0.068044,0.448059,2.000000
-0.048826,0.260926,3.000000
0.207307,0.134636,0.000000
-0.638150,0.250816,0.000000
-0.395384,-0.225139,0.000000
0.347076,0.551637,3.000000
0.002964,0.520588,2.000000
0.463697,-0.067207,2.000000
0.256733,0.571861,2.000000
-0.052772,0.296816,3.000000
-0.027516,0.334219,2.000000
0.330832,-0.072951,0.000000
-0.079509,-0.531108,3.000000
-0.209034,0.142446,3.000000
-0.059711,0.057393,0.000000
0.323533,-0.173583,0.000000
-0.252503,-0.202528,0.000000
-0.782263,0.043640,3.000000
0.281322,0.330125,3.000000
0.354064,0.374295,3.000000
-0.146174,0.372228,4.000000
-0.104618,0.246628,2.000000
0.294001,0.339687,3.000000
0.267072,0.171736,1.000000
-0.449923,-0.194095,0.000000
0.198236,0.372249,3.000000
-0.067566,0.617990,4.000000
0.359320,0.526986,3.000000
0.406427,-0.049185,0.000000
0.238644,-0.113485,0.000000
-0.241074,-0.609139,3.000000
-0.040228,0.361552,4.000000
-0.416639,-0.268328,0.000000
0.128717,0.340499,2.000000
-0.295511,-0.309042,0.000000
-0.761001,0.096481,3.000000
0.124826,0.444063,2.000000
0.356104,-0.083793,0.000000
-0.366783,-0.332536,0.000000
0.015533,0.517177,4.000000
0.089332,0.360416,2.000000
0.200281,0.243187,0.000000
-0.621455,-0.122333,0.000000
-0.134822,-0.368281,3.000000
-0.397285,-0.113546,0.000000
-0.103420,-0.343411,3.000000
-0.153103,0.237809,2.000000
0.396032,0.098442,0.000000
-0.723721,0.070478,3.000000
0.046943,-0.158396,2.000000
0.188718,0.004458,1.000000
-0.073212,0.565407,4.000000
0.067757,0.008309,2.000000
-0.085904,-0.014442,0.000000
-0.366494,-0.362186,3.000000
0.069924,-0.184555,2.000000
0.180658,0.464453,2.000000
0.148363,0.420083,4.000000
-0.084221,-0.064039,0.000000
0.003378,-0.241319,2.000000
-0.129663,-0.079204,0.000000
-0.502307,-0.125748,0.000000
-0.470897,0.140055,3.000000
-0.055383,-0.059687,0.000000
0.123046,0.331349,3.000000
-0.032142,-0.579884,3.000000
-0.202552,0.495791,3.000000
0.296923,0.142456,0.000000
-0.460733,0.109490,3.000000
0.042179,-0.367751,4.000000
-0.120062,-0.599420,3.000000
0.510144,-0.320223,3.000000
0.233052,0.105584,0.000000
-0.509967,-0.091578,0.000000
0.067240,0.425649,2.000000
0.035385,0.729461,2.000000
-0.186939,-0.446160,2.000000
-0.177954,-0.876795,3.000000
-0.125595,-0.042487,0.000000
0.043794,0.168652,0.000000
0.040843,0.347436,2.000000
0.163779,-0.021379,1.000000
-0.103219,0.205482,2.000000
0.175666,0.046777,1.000000
-0.550133,-0.103043,0.000000
0.214196,-0.161811,0.000000
0.115482,0.467429,2.000000
0.227599,-0.209499,0.000000
-0.160392,0.467678,2.000000
0.404198,-0.058108,2.000000
0.249707,0.495167,3.000000
0.413774,-0.041728,2.000000
0.320227,0.400662,3.000000
-0.085458,0.283377,4.000000
0.758922,-0.137787,3.000000
-0.212973,-0.415526,0.000000
-0.356752,0.449044,2.000000
0.176421,0.060914,1.000000
0.163805,-0.684360,3.000000
0.275292,0.021890,1.000000
0.146847,0.052446,1.000000
-0.002820,0.191050,1.000000
-0.285686,-0.035483,1.000000
-0.112816,0.530069,4.000000
0.450199,0.372055,3.000000
-0.148148,-0.019679,0.000000
-0.020833,0.447752,2.000000
-0.114951,-0.145706,2.000000
-0.091097,0.415660,2.000000
-0.142741,-0.328532,3.000000
-0.620719,0.130661,1.000000
-0.048644,0.187045,2.000000
0.130250,0.279728,2.000000
0.038791,0.106786,1.000000
0.139390,-0.605878,3.000000
-0.334622,0.112276,3.000000
-0.105004,-0.251890,3.000000
0.174289,0.192905,2.000000
-0.663810,0.233636,0.000000
0.211486,0.047858,1.000000
0.415835,0.339349,3.000000
-0.451339,-0.384602,0.000000
0.190178,0.189054,0.000000
0.356717,0.151571,1.000000
-0.105259,-0.346635,3.000000
-0.071878,-0.536872,3.000000
-0.029851,0.080987,0.000000
-0.378203,0.005164,0.000000
0.223492,0.345735,3.000000
-0.794698,0.102430,3.000000
0.156082,0.029725,0.000000
-0.189339,-0.546452,3.000000
0.176860,0.022506,1.000000
-0.171285,0.022422,3.000000
0.214275,0.072875,1.000000
0.126652,0.220826,0.000000
0.376179,0.381932,3.000000
0.243513,0.418925,3.000000
-0.090306,-0.080273,2.000000
-0.221793,-0.134250,0.000000
-0.457489,-0.376623,3.000000
-0.783588,0.084376,3.000000
0.255382,0.345407,2.000000
0.067712,0.539506,2.000000
-0.187696,-0.045503,0.000000
-0.776751,0.162345,3.000000
-0.366827,-0.486092,3.000000
0.248739,0.059516,1.000000
0.397538,0.223860,2.000000
0.086708,0.305385,2.000000
0.341705,0.430574,3.000000
-0.884713,-0.060881,3.000000
0.209435,0.529498,2.000000
0.338556,0.457038,3.000000
0.508714,-0.152537,0.000000
0.260570,0.402013,3.000000
-0.093850,-0.073028,0.000000
0.174587,-0.073022,0.000000
-0.133845,0.354380,2.000000
0.407879,0.373026,3.000000
0.183499,-0.026736,1.000000
0.119698,0.087992,1.000000
-0.704298,0.140999,3.000000
0.240255,0.349419,3.000000
-0.118950,-0.134782,2.000000
0.092426,-0.213975,2.000000
-0.002670,0.129610,0.000000
0.022109,0.048259,1.000000
0.165442,0.605299,2.000000
0.055821,0.369135,4.000000
0.393036,-0.075781,0.000000
0.282535,0.489666,2.000000
0.449611,0.508303,2.000000
-0.768450,-0.034506,3.000000
0.082058,0.597322,2.000000
-0.102894,-0.666406,3.000000
0.241976,0.374229,3.000000
0.130716,0.184976,2.000000
0.305681,0.429227,3.000000
0.277055,0.002294,0.000000
0.228318,0.070553,1.000000
-0.470925,-0.672209,3.000000
0.212611,-0.220969,0.000000
0.010025,-0.626864,3.000000
0.729837,-0.362768,3.000000
0.187173,0.010889,1.000000
0.451225,0.443738,2.000000
-0.518030,-0.125276,0.000000
-0.286896,0.070572,3.000000
0.437668,0.458756,3.000000
0.166170,-0.071114,0.000000
0.382006,-0.066118,0.000000
-0.025136,0.222750,2.000000
0.355984,0.360507,3.000000
-0.211721,0.500867,2.000000
0.212926,0.042169,0.000000
-0.395203,0.235701,4.000000
-0.454796,-0.274052,0.000000
-0.893144,0.103960,3.000000
0.253796,0.425894,3.000000
0.108234,0.380612,2.000000
0.051084,-0.338447,4.000000
0.051415,0.588742,4.000000
-0.417967,0.174016,3.000000
-0.029755,0.057461,0.000000
0.055824,0.231246,2.000000
0.073440,0.462790,4.000000
-0.031564,0.351757,4.000000
-0.143154,0.370663,2.000000
0.163556,-0.479785,2.000000
-0.188165,0.006035,4.000000
-0.473369,-0.379585,3.000000
-0.551034,-0.133088,0.000000
-0.204589,0.267468,2.000000
0.162738,-0.311628,3.000000
-0.147575,0.518209,2.000000
-0.343570,-0.197395,0.000000
0.202450,0.090606,1.000000
0.324373,0.384966,3.000000
0.043934,0.759323,2.000000
-0.416442,-0.691724,3.000000
0.155071,-0.139523,0.000000
-0.155652,-0.468754,3.000000
0.002375,0.360045,2.000000
0.356823,0.361826,3.000000
0.021739,-0.386046,2.000000
0.073069,-0.166637,0.000000
0.492946,-0.253230,3.000000
0.259033,0.708826,2.000000
0.073589,0.536461,2.000000
0.187817,0.003010,1.000000
0.202191,0.339899,3.000000
0.213943,0.834428,2.000000
-0.177293,0.463334,2.000000
-0.297800,0.107256,3.000000
0.391478,-0.056632,0.000000
-0.381099,0.218201,2.000000
0.369108,0.121014,1.000000
0.246943,-0.118321,0.000000
0.210504,0.017847,1.000000
0.190531,0.237224,2.000000
0.035599,0.062143,2.000000
0.192598,0.133774,1.000000
0.224221,0.009353,0.000000
0.299259,0.352082,3.000000
0.185111,0.095734,1.000000
0.107295,0.676827,2.000000
0.330395,0.290103,2.000000
0.239648,0.596389,0.000000
-0.454172,-0.346401,0.000000
0.210324,-0.177197,0.000000
0.355046,0.423913,3.000000
-0.102645,0.286182,2.000000
-0.239806,0.139883,3.000000
-0.440234,-0.367880,0.000000
-0.162167,0.178742,2.000000
-0.522567,-0.404467,3.000000
-0.069645,0.247531,2.000000
0.199737,0.010816,0.000000
-0.324978,0.068789,3.000000
0.341126,0.345895,3.000000
-0.137276,-0.677947,3.000000
-0.250030,-0.075332,0.000000
-0.567497,-0.406619,3.000000
0.064517,-0.170964,2.000000
0.150023,0.345712,4.000000
-0.151200,0.338445,2.000000
-0.009815,0.370076,3.000000
0.160612,0.570095,2.000000
0.357990,-0.070778,2.000000
-0.130748,0.018921,0.000000
-0.001972,0.117704,0.000000
0.006418,0.362072,4.000000
-0.255177,0.346742,2.000000
-0.002707,0.226711,2.000000
-0.136895,-0.014893,1.000000
0.123614,0.370797,3.000000
-0.093181,0.016405,0.000000
-0.018165,0.056224,1.000000
0.179185,0.077584,1.000000
0.331027,-0.072612,0.000000
-0.150683,0.047166,0.000000
0.458490,-0.395605,2.000000
0.020646,0.348658,2.000000
0.302918,0.186752,2.000000
0.059301,-0.035442,0.000000
0.398204,0.522778,3.000000
-0.286009,-0.184158,0.000000
0.297281,0.276514,1.000000
0.363792,0.346720,3.000000
-0.493103,-0.377992,3.000000
-0.069636,-0.396859,3.000000
-0.162505,0.051088,2.000000
-0.049974,0.381644,2.000000
-0.558072,0.445689,2.000000
0.206223,-0.177811,0.000000
-0.450079,-0.344657,3.000000
0.326572,0.481183,4.000000
0.347119,0.166649,0.000000
0.358346,0.283252,3.000000
0.195654,0.200620,1.000000
-0.101849,-0.428665,3.000000
0.205032,0.022636,0.000000
-0.240467,-0.145841,0.000000
0.382446,-0.351608,1.000000
0.187895,0.100473,1.000000
-0.022537,0.051129,0.000000
0.322149,0.375209,3.000000
0.419878,0.357197,3.000000
0.187281,0.061857,1.000000
0.252095,0.093491,1.000000
-0.464537,-0.120573,0.000000
-0.158173,-0.360359,3.000000
0.903887,-0.411544,3.000000
0.153788,0.819656,2.000000
-0.105332,0.373624,4.000000
0.177433,-0.015087,1.000000
0.079389,0.593969,2.000000
-0.196074,-0.006439,2.000000
-0.121864,-0.288816,3.000000
0.199163,0.341856,3.000000
-0.471176,-0.109290,0.000000
0.202924,0.078025,1.000000
-0.485991,0.336640,2.000000
0.169371,-0.773565,3.000000
0.252057,0.759675,2.000000
-0.127775,0.315807,4.000000
0.380522,-0.010920,2.000000
0.234683,0.232398,3.000000
-0.012865,0.334185,4.000000
0.282946,0.407261,3.000000
-0.197621,-0.065357,1.000000
0.192882,0.042323,1.000000
0.720430,-0.183294,3.000000
-0.116659,0.471928,2.000000
-0.023908,0.334592,4.000000
0.122418,0.307283,3.000000
-0.363558,0.113632,3.000000
0.199821,0.010771,0.000000
-0.170757,0.338902,2.000000
0.378524,-0.149623,0.000000
0.032868,-0.225516,2.000000
0.047238,0.324482,4.000000
-0.083059,0.344971,2.000000
-0.204589,0.267468,2.000000
-0.113356,-0.071821,0.000000
0.153680,0.239465,3.000000
0.127193,-0.035690,1.000000
-0.509648,-0.684578,3.000000
-0.300653,0.064810,3.000000
-0.215643,0.486606,2.000000
0.331131,0.374838,3.000000
0.252976,0.276022,2.000000
0.352588,0.352433,2.000000
-0.151762,0.030307,2.000000
-0.754660,0.122694,3.000000
-0.340644,-0.581861,3.000000
0.328138,0.369644,3.000000
-0.201500,0.266753,2.000000
0.231227,-0.088561,0.000000
0.390492,0.450316,3.000000
0.070606,0.626832,2.000000
0.242132,0.337682,3.000000
-0.215828,0.243659,4.000000
-0.015372,-0.316565,4.000000
-0.418844,-0.345554,3.000000
0.279143,-0.241903,0.000000
0.237184,-0.247633,0.000000
-0.346351,-0.669029,3.000000
-0.145312,0.041444,1.000000
-0.281808,-0.886688,3.000000
0.049263,-0.529418,3.000000
0.061652,0.196824,2.000000
0.318351,-0.069849,0.000000
0.204277,0.093488,1.000000
0.095440,0.345837,2.000000
-0.093530,-0.087233,0.000000
0.227599,-0.209499,0.000000
0.363570,-0.291468,2.000000
0.206326,0.073873,1.000000
-0.026465,0.281760,2.000000
0.405701,0.459732,3.000000
-0.426512,-0.215266,0.000000
-0.482581,-0.381602,3.000000
0.314057,0.338632,3.000000
0.217557,0.118443,1.000000
0.209641,-0.211624,1.000000
-0.516484,-0.128425,0.000000
-0.232827,0.441632,2.000000
0.443272,0.447514,3.000000
-0.191939,0.311246,4.000000
-0.516739,-0.397230,3.000000
-0.202354,0.141342,3.000000
0.215364,-0.243525,0.000000
-0.144078,-0.477567,3.000000
0.195654,0.200620,1.000000
0.211028,0.441011,3.000000
0.355364,0.382908,3.000000
0.126910,-0.007983,1.000000
-0.111937,-0.260502,3.000000
0.006368,-0.393203,2.000000
-0.119639,0.415293,2.000000
-0.199851,-0.626475,3.000000
0.287673,-0.305799,1.000000
-0.039631,-0.291456,3.000000
0.171948,0.478861,3.000000
-0.060055,-0.137861,2.000000
-0.753785,0.219514,0.000000
0.417091,-0.050688,2.000000
-0.526044,-0.406426,3.000000
0.424621,0.462405,3.000000
-0.445697,-0.199300,0.000000
0.218553,0.339821,3.000000
-0.106772,-0.068364,1.000000
0.425693,0.458174,3.000000
0.207897,0.180016,0.000000
0.428585,-0.057222,2.000000
-0.301655,0.047803,3.000000
0.235168,0.037571,1.000000
-0.234808,0.045847,3.000000
0.195243,0.046869,1.000000
-0.310868,0.060739,3.000000
-0.078885,0.270969,4.000000
-0.140479,0.044677,1.000000
-0.254740,0.232135,0.000000
-0.185057,0.303019,2.000000
0.507402,-0.509369,2.000000
0.037740,-0.633594,3.000000
-0.521901,-0.400259,3.000000
0.313242,0.004297,2.000000
0.433705,0.420342,3.000000
-0.552547,-0.095487,0.000000
-0.373465,-0.096552,0.000000
0.204983,0.025841,0.000000
-0.131459,0.010819,1.000000
0.013171,-0.629247,3.000000
0.063410,0.277089,3.000000
0.118197,0.588779,2.000000
0.271889,0.625279,2.000000
0.319826,0.447259,3.000000
-0.625369,0.103017,1.000000
0.186487,0.262785,3.000000
-0.131960,0.002763,0.000000
0.332769,0.787059,2.000000
0.110870,-0.615819,3.000000
-0.146334,0.410352,2.000000
-0.554466,-0.110364,0.000000
0.334878,-0.077519,0.000000
-0.143294,0.023209,1.000000
0.156191,0.428454,2.000000
-0.527379,-0.725055,3.000000
0.162684,0.391592,3.000000
-0.054337,0.376617,2.000000
-0.065844,-0.262664,3.000000
-0.083427,0.004536,0.000000
0.329252,-0.083203,0.000000
0.027234,0.241234,2.000000
0.171465,-0.406313,2.000000
-0.120023,-0.035171,0.000000
-0.066619,-0.359319,3.000000
0.023553,0.030306,0.000000
-0.359519,0.159286,3.000000
0.220698,-0.130786,0.000000
-0.501269,-0.122602,0.000000
0.248186,0.271752,2.000000
0.104105,0.317860,3.000000
-0.822487,0.111822,3.000000
0.062000,0.501333,2.000000
-0.159971,0.156883,4.000000
0.155210,0.108880,1.000000
0.157328,-0.059774,1.000000
0.204487,0.020585,0.000000
0.405701,0.459732,3.000000
-0.125235,-0.307454,3.000000
0.038932,0.339044,2.000000
0.026330,-0.515644,3.000000
0.373566,0.408461,3.000000
0.179747,0.549209,2.000000
0.234296,0.105494,0.000000
-0.115637,-0.424002,3.000000
-0.150871,0.242390,2.000000
-0.631642,-0.214749,0.000000
0.311348,-0.090104,0.000000
0.005275,0.111283,0.000000
0.374655,0.413398,3.000000
0.054226,0.329793,2.000000
0.201801,0.013726,0.000000
-0.007777,0.313120,2.000000
0.273779,0.310920,3.000000
-0.121870,-0.060428,1.000000
-0.329921,-0.606899,3.000000
0.358322,-0.401829,1.000000
-0.002196,-0.251416,3.000000
-0.806234,0.187379,3.000000
0.277187,0.282856,2.000000
-0.774063,0.106414,3.000000
0.105554,0.183814,0.000000
0.269895,0.349612,2.000000
0.285394,-0.091340,0.000000
-0.276480,0.087411,3.000000
0.065389,-0.712282,3.000000
-0.080909,0.240736,0.000000
0.225607,0.062074,1.000000
0.156808,0.287709,2.000000
0.007310,-0.224428,4.000000
0.240907,-0.100849,2.000000
-0.259521,0.231362,2.000000
-0.038852,-0.218436,3.000000
-0.256004,-0.384867,3.000000
-0.219137,-0.124834,1.000000
-0.057298,0.108957,0.000000
0.347175,-0.086394,0.000000
0.155063,0.379219,3.000000
0.283577,0.357238,2.000000
0.180913,0.045660,1.000000
-0.279984,0.181370,2.000000
0.180643,0.071909,1.000000
-0.158645,0.308207,2.000000
0.226272,-0.061532,1.000000
0.065314,0.370366,3.000000
-0.404305,0.285940,0.000000
0.137520,0.006254,1.000000
-0.072073,-0.251820,3.000000
0.191034,0.044694,1.000000
-0.093638,0.309334,4.000000
0.169453,0.471104,0.000000
0.025771,-0.328565,2.000000
-0.072187,0.012067,0.000000
0.194559,-0.037404,0.000000
-0.160111,-0.369000,3.000000
-0.141946,0.408972,4.000000
-0.168020,0.234106,2.000000
0.225448,0.017558,1.000000
-0.393954,-0.208316,0.000000
0.191497,0.053166,0.000000
0.421862,0.453793,3.000000
-0.260691,-0.591491,1.000000
0.262690,0.285970,2.000000
-0.117196,-0.007506,0.000000
0.197335,0.069490,1.000000
0.160214,-0.004862,1.000000
0.074067,-0.605624,3.000000
0.222751,0.084239,1.000000
0.215780,-0.090304,0.000000
0.025438,-0.325858,3.000000
-0.239233,0.453910,2.000000
-0.272531,-0.027892,3.000000
0.269802,0.358727,3.000000
-0.151683,-0.320697,3.000000
-0.139925,0.298865,4.000000
0.142469,0.392279,4.000000
0.032902,0.440554,2.000000
-0.129873,-0.033569,0.000000
-0.230080,-0.227959,3.000000
0.183363,-0.022134,1.000000
0.165250,-0.454999,2.000000
0.208161,0.115646,1.000000
0.004256,0.096587,0.000000
-0.661652,0.044310,3.000000
0.306146,0.387586,3.000000
-0.310716,0.058713,3.000000
0.082034,-0.394735,2.000000
0.071272,0.668115,2.000000
-0.098879,-0.005919,0.000000
0.216655,0.037354,1.000000
-0.631402,-0.720866,3.000000
0.202361,0.169365,2.000000
-0.035965,0.533330,2.000000
0.630142,-0.078294,3.000000
0.293653,0.161992,1.000000
-0.342560,-0.101299,0.000000
-0.055730,0.353138,3.000000
0.138711,-0.094051,3.000000
-0.244936,-0.411722,3.000000
-0.162933,0.040890,1.000000
0.334293,0.433959,2.000000
0.408156,-0.076192,0.000000
-0.163482,-0.405309,3.000000
-0.005633,0.114781,0.000000
0.127599,-0.268642,1.000000
-0.238270,-0.089065,1.000000
0.209443,-0.053397,0.000000
-0.771756,0.117357,3.000000
0.176839,0.146288,1.000000
-0.101356,-0.333701,3.000000
0.048857,-0.530633,3.000000
0.230291,-0.059475,1.000000
0.258669,-0.191469,0.000000
-0.079675,-0.142889,3.000000
0.310549,0.486343,3.000000
0.127516,-0.043440,0.000000
0.193825,0.083625,1.000000
0.008731,0.146621,2.000000
-0.016653,0.381983,2.000000
-0.290970,0.088373,3.000000
0.094933,0.402741,2.000000
-0.340569,0.128657,3.000000
-0.192879,0.478553,2.000000
0.398143,-0.430358,3.000000
-0.525995,-0.078338,0.000000
-0.146926,0.279521,2.000000
0.144081,0.355931,0.000000
0.325968,0.363747,3.000000
-0.221674,-0.084398,1.000000
-0.292947,-0.142378,1.000000
0.243742,0.244196,2.000000
0.327480,0.341263,3.000000
-0.111052,0.136804,2.000000
0.179661,0.005569,0.000000
-0.039874,0.308966,3.000000
-0.405685,0.286245,4.000000
0.188960,-0.006301,0.000000
-0.041446,0.120211,0.000000
0.405821,0.396726,3.000000
-0.026067,-0.537512,3.000000
-0.462507,-0.383987,3.000000
0.488886,-0.467414,0.000000
0.259233,-0.229705,0.000000
0.193397,0.036896,1.000000
0.277917,0.081776,0.000000
-0.022063,0.511050,2.000000
0.232174,-0.063752,0.000000
-0.196585,-0.449401,3.000000
-0.037702,0.345094,2.000000
-0.054822,-0.197484,0.000000
0.143696,-0.004915,1.000000
0.067350,0.401241,4.000000
-0.194299,0.389469,3.000000
0.216534,0.564226,3.000000
-0.289619,-0.489224,3.000000
-0.162023,0.384897,4.000000
0.194825,0.258662,2.000000
0.212425,-0.019418,0.000000
-0.237942,-0.064229,0.000000
-0.147554,-0.021836,0.000000
0.175331,0.328363,2.000000
0.056212,-0.331597,2.000000
0.202357,0.046334,1.000000
0.201053,0.199357,1.000000
-0.457524,-0.393952,3.000000
0.402899,0.463274,3.000000
-0.573125,0.243160,0.000000
0.019467,-0.607720,3.000000
0.534072,0.220048,3.000000
0.486262,0.223128,3.000000
-0.813281,0.132873,3.000000
0.116467,0.384909,2.000000
0.299906,0.440173,3.000000
0.505338,0.173686,2.000000
0.149821,-0.053241,1.000000
0.171921,0.321932,2.000000
-0.098775,0.257943,4.000000
-0.066709,0.352298,2.000000
0.258749,-0.068224,2.000000
0.155082,-0.097601,1.000000
-0.145681,-0.385129,3.000000
-0.374387,0.328610,2.000000
-0.039521,0.388187,2.000000
0.227683,0.364758,3.000000
-0.160683,-0.370257,3.000000
0.160120,0.057263,1.000000
0.095872,0.266067,2.000000
-0.154879,0.007497,3.000000
0.455977,0.434867,3.000000
0.118981,0.088049,1.000000
-0.059796,-0.267701,3.000000
0.353846,0.374818,3.000000
-0.113830,-0.349434,3.000000
-0.408092,-0.100408,0.000000
0.108891,0.482444,4.000000
0.186775,0.434146,2.000000
-0.441902,-0.694280,3.000000
0.390857,0.412530,3.000000
-0.047466,0.002023,0.000000
0.133957,0.207710,1.000000
-0.849290,0.150665,3.000000
0.479900,-0.323306,3.000000
-0.159840,-0.120428,0.000000
-0.079856,0.233882,2.000000
-0.108875,-0.018293,0.000000
0.121744,0.416957,3.000000
0.296667,0.397352,3.000000
-0.736173,0.023611,3.000000
0.151390,-0.018704,1.000000
-0.239567,-0.687458,3.000000
0.101602,0.551068,2.000000
-0.490200,0.234863,3.000000
0.111627,0.600369,4.000000
0.356418,0.405136,3.000000
0.360873,-0.253705,0.000000
-0.211217,-0.060096,1.000000
0.369875,-1.024818,3.000000
0.184261,0.207257,2.000000
-0.536526,-0.032277,0.000000
0.114736,-0.431319,0.000000
0.210454,0.362867,2.000000
0.224510,0.424395,2.000000
0.435251,0.476202,3.000000
-0.120943,-0.467332,3.000000
-0.099284,-0.328018,3.000000
0.084411,0.460265,4.000000
0.218820,0.194974,2.000000
-0.844137,0.106705,3.000000
0.050908,0.503554,4.000000
0.185993,0.542305,2.000000
0.252686,0.149112,1.000000
-0.135792,-0.380189,3.000000
0.041148,-0.401143,3.000000
0.147787,0.466652,4.000000
-0.028646,0.051324,0.000000
-0.794217,0.107143,3.000000
0.400510,0.201668,3.000000
0.213296,0.087173,0.000000
0.274711,0.153946,0.000000
0.174587,-0.073022,0.000000
0.152360,0.039458,1.000000
0.047373,0.213219,2.000000
-0.036579,0.211848,2.000000
-0.447904,-0.386562,0.000000
-0.588757,-0.047830,2.000000
0.348295,0.384135,3.000000
0.250804,-0.225894,0.000000
0.008660,0.292360,2.000000
-0.352977,-0.105006,0.000000
-0.243125,-0.065533,1.000000
-0.728196,0.108867,3.000000
-0.226618,0.379006,2.000000
0.010119,-0.711343,3.000000
0.088010,0.202058,0.000000
0.136975,0.430269,3.000000
0.239785,0.160111,2.000000
-0.777062,0.085179,3.000000
-0.098602,-0.492857,3.000000
0.285721,0.496169,2.000000
-0.846312,0.152123,3.000000
0.219018,0.400967,3.000000
-0.521804,0.071110,1.000000
0.155210,0.108880,1.000000
-0.037665,-0.067322,2.000000
-0.161533,0.188105,2.000000
0.442718,0.288607,3.000000
0.435527,0.489583,3.000000
-0.045215,-0.402562,3.000000
-0.349051,-0.190746,1.000000
-0.104973,-0.004582,0.000000
-0.504132,-0.390416,3.000000
-0.117003,-0.091681,0.000000
-0.027293,0.108694,0.000000
0.690656,-0.075383,3.000000
0.182481,0.559801,2.000000
-0.786665,0.162414,3.000000
0.160415,0.390159,2.000000
-0.036990,0.025402,0.000000
-0.052882,0.226275,2.000000
0.131480,0.098149,1.000000
0.365287,0.332621,3.000000
0.032242,0.221512,2.000000
-0.362886,-0.094258,0.000000
-0.110697,0.449676,2.000000
0.268080,-0.606319,0.000000
0.370269,0.220466,2.000000
-0.044207,-0.326553,3.000000
0.357977,0.418989,3.000000
-0.103496,0.624039,2.000000
-0.530349,-0.408431,3.000000
0.302488,0.416893,3.000000
0.171072,0.095147,1.000000
0.329945,0.454452,3.000000
-0.222153,0.243821,1.000000
-0.696929,0.196300,0.000000
-0.119869,0.018004,2.000000
0.400072,0.426541,3.000000
0.349516,-0.073637,0.000000
0.046943,-0.158396,2.000000
0.193003,0.088043,1.000000
0.176854,0.109294,1.000000
-0.078914,0.019619,0.000000
-0.010013,0.248140,3.000000
0.124330,-0.486410,3.000000
-0.116780,-0.017091,0.000000
0.410501,0.288343,2.000000
-0.467057,-0.383555,3.000000
0.133292,0.387986,3.000000
-0.099121,-0.434477,3.000000
0.120534,0.808963,2.000000
0.351911,-0.073347,0.000000
-0.156801,0.058925,1.000000
-0.472442,-0.431461,3.000000
0.213484,-0.028866,1.000000
0.415605,0.424107,3.000000
0.186617,-0.029347,0.000000
0.055802,-0.107565,0.000000
0.293915,0.276843,3.000000
-0.149693,-0.319924,3.000000
0.378349,0.369315,3.000000
0.124963,-0.746724,3.000000
0.425915,0.390214,3.000000
-0.301655,0.047803,3.000000
-0.514806,-0.698967,3.000000
0.114928,-0.201098,0.000000
0.165294,0.031892,1.000000
0.262136,0.013814,1.000000
-0.105584,0.005463,2.000000
0.125656,-0.028556,0.000000
0.024044,-0.196161,2.000000
0.190144,-0.193514,0.000000
0.106021,0.338033,2.000000
-0.067134,0.025577,0.000000
-0.499237,-0.122776,0.000000
-0.104721,0.295543,2.000000
0.204389,-0.550586,3.000000
0.155437,-0.044272,1.000000
0.386386,-0.061227,0.000000
0.138202,0.038521,1.000000
-0.173831,0.030374,3.000000
-0.108626,0.343921,2.000000
0.198483,0.528561,2.000000
0.248144,0.345958,3.000000
-0.062801,0.250740,2.000000
0.209957,-0.130338,0.000000
-0.118830,0.199454,2.000000
0.311932,0.382660,3.000000
0.439966,0.414924,3.000000
-0.409599,0.171074,3.000000
-0.032702,0.411518,4.000000
-0.190803,-0.294228,3.000000
-0.055234,0.172324,2.000000
0.188701,0.034627,0.000000
0.156022,-0.015582,1.000000
0.233152,0.080260,1.000000
0.204841,0.098125,1.000000
0.143759,0.003489,1.000000
-0.779637,-0.010503,3.000000
0.034083,0.336177,2.000000
-0.129740,-0.345635,3.000000
-0.208772,0.108640,3.000000
-0.243906,-0.097944,1.000000
0.078709,0.285901,3.000000
-0.275757,0.280634,2.000000
0.093013,0.185075,1.000000
0.053985,0.323622,2.000000
0.058289,0.222600,2.000000
0.229799,0.021544,1.000000
-0.554307,-0.735218,3.000000
0.411837,0.446843,3.000000
-0.163103,0.251167,2.000000
0.381069,0.437682,3.000000
-0.067234,-0.338862,3.000000
-0.055395,-0.058941,0.000000
0.448172,0.458707,3.000000
0.285449,0.378711,3.000000
0.267588,0.399643,3.000000
0.098170,-0.596749,3.000000
0.196612,0.446388,2.000000
0.176497,0.042732,1.000000
0.327211,-0.280147,0.000000
-0.612705,-0.056726,0.000000
-0.034290,-0.219368,2.000000
-0.179233,-0.391778,3.000000
-0.047961,0.155817,2.000000
-0.879457,-0.075089,3.000000
-0.092658,0.184841,2.000000
0.219878,-0.002804,0.000000
-0.111899,0.258186,4.000000
-0.055007,-0.681004,3.000000
-0.712204,0.132850,3.000000
0.147173,0.071151,1.000000
0.134023,0.012779,0.000000
0.374842,0.277525,2.000000
0.196713,-0.019952,0.000000
0.446972,0.421446,3.000000
0.231666,0.096659,0.000000
0.141506,0.016463,1.000000
0.192597,0.008236,1.000000
-0.404263,-0.108071,0.000000
-0.397068,-0.111660,0.000000
-0.363073,0.327359,2.000000
0.038589,0.495786,2.000000
0.535598,-0.316269,3.000000
0.196642,-0.021803,0.000000
0.365899,0.225550,2.000000
-0.487645,-0.121820,0.000000
-0.154218,-0.399104,3.000000
0.166578,-0.265268,0.000000
-0.317233,-0.250352,3.000000
0.179069,0.098926,1.000000
0.260457,0.044646,1.000000
0.198767,0.027209,1.000000
-0.329695,0.257084,2.000000
0.388308,-0.052006,0.000000
0.122341,-0.009169,1.000000
-0.432666,0.285551,2.000000
-0.006056,0.095365,0.000000
-0.167052,0.327083,4.000000
0.226115,0.154083,3.000000
0.055716,-0.225695,2.000000
0.152369,0.509775,2.000000
-0.224358,0.273673,2.000000
0.372466,0.385128,3.000000
-0.107591,-0.082730,0.000000
-0.009375,0.221181,2.000000
-0.159647,0.328397,2.000000
0.157127,0.103159,1.000000
-0.248665,-0.289399,3.000000
-0.705030,0.171213,2.000000
-0.029851,0.080987,0.000000
0.132433,0.252559,3.000000
-0.761864,0.060739,3.000000
-0.266385,-0.159216,0.000000
-0.783763,0.068670,3.000000
-0.150063,-0.595816,3.000000
0.264583,-0.239195,0.000000
-0.735586,0.145625,3.000000
-0.178282,0.276199,2.000000
0.177859,0.356467,3.000000
0.281203,-0.164533,0.000000
-0.238735,0.426087,2.000000
-0.177336,0.354555,2.000000
0.309812,-0.300937,1.000000
0.174365,-0.001590,1.000000
-0.425520,-0.110974,0.000000
-0.741325,0.102729,3.000000
0.118073,0.655521,2.000000
0.011252,-0.638838,3.000000
0.136935,0.362350,2.000000
-0.355404,-0.091792,0.000000
0.164034,0.277763,4.000000
-0.130566,-0.397352,3.000000
0.260112,0.345027,3.000000
0.169284,-0.098581,1.000000
-0.098411,0.010048,2.000000
-0.082249,0.271188,4.000000
0.300504,0.336045,3.000000
-0.162320,0.027161,0.000000
-0.276894,0.075753,3.000000
0.372945,0.407456,3.000000
0.159307,0.455186,3.000000
-0.160663,0.582043,4.000000
0.141626,-0.201678,0.000000
0.190144,-0.193514,0.000000
-0.597377,-0.127882,0.000000
0.187544,0.065152,1.000000
-0.555352,-0.094335,0.000000
0.276885,0.030976,0.000000
-0.056178,-0.714053,3.000000
-0.337202,-0.208255,0.000000
0.201986,0.015785,0.000000
0.220144,0.086005,1.000000
-0.288984,-0.096658,1.000000
-0.199525,0.544133,2.000000
0.304195,0.426061,2.000000
0.144551,-0.084161,0.000000
0.278467,0.403541,3.000000
-0.144300,0.330514,2.000000
-0.077915,0.011544,0.000000
0.058992,0.281269,2.000000
0.058275,-0.133874,0.000000
-0.156080,-0.018947,0.000000
0.371674,-0.502045,1.000000
0.062333,0.252275,2.000000
-0.004983,-0.315615,2.000000
0.522044,0.084539,3.000000
0.194292,-0.193106,0.000000
-0.402783,-0.349832,3.000000
-0.059594,0.566224,4.000000
-0.154175,0.388012,2.000000
0.294858,0.043714,3.000000
0.032868,-0.225516,2.000000
-0.780190,0.105261,3.000000
-0.193358,0.120769,3.000000
-0.098848,0.309145,2.000000
-0.165767,0.450556,2.000000
0.117635,-0.052103,1.000000
0.305155,0.271699,3.000000
-0.042637,0.317973,4.000000
0.109980,0.378928,2.000000
0.223155,0.478951,2.000000
-0.071709,0.056251,2.000000
-0.136138,-0.020949,0.000000
0.236241,0.089359,0.000000
0.161374,0.156687,1.000000
0.081244,-0.173940,0.000000
0.072152,0.274059,2.000000
0.420034,-0.057317,0.000000
-0.883271,-0.302645,3.000000
-0.554591,-0.419613,3.000000
-0.234270,-0.146691,0.000000
-0.675681,0.240766,0.000000
0.302090,0.345777,3.000000
-0.235235,-0.145042,0.000000
0.220418,0.213824,1.000000
0.185070,0.072594,1.000000
0.280807,0.282800,3.000000
0.294519,0.494583,2.000000
0.138260,0.380008,2.000000
-0.079735,0.003186,0.000000
0.272657,0.358249,3.000000
-0.468343,-0.619148,3.000000
-0.120837,0.012409,2.000000
0.192785,-0.015185,0.000000
-0.342349,-0.639416,3.000000
0.211497,0.435452,3.000000
-0.002339,0.121185,0.000000
-0.244718,0.001341,3.000000
0.288382,0.167205,1.000000
-0.503828,-0.469572,3.000000
-0.061403,-0.271033,3.000000
-0.139009,0.337116,4.000000
-0.065903,0.416483,2.000000
-0.837352,0.200721,3.000000
-0.480211,-0.376684,3.000000
-0.882326,-0.081486,3.000000
0.070635,-0.436248,3.000000
0.168558,-0.027855,1.000000
-0.840789,0.154942,3.000000
0.184987,0.033029,1.000000
0.094129,-0.214019,0.000000
-0.462281,0.300105,3.000000
0.204941,-0.008027,1.000000
-0.528379,-0.131333,0.000000
-0.031132,0.645090,4.000000
0.244245,-0.020662,1.000000
-0.760707,0.119939,3.000000
-0.489622,-0.376697,3.000000
0.325524,0.338037,3.000000
-0.807292,0.003271,3.000000
0.209775,0.048726,0.000000
-0.232827,0.441632,2.000000
0.107779,0.564875,4.000000
0.393346,0.489822,3.000000
-0.133530,-0.367554,3.000000
-0.157903,0.043213,1.000000
0.018133,-0.232285,2.000000
-0.103907,-0.404592,3.000000
0.128699,-0.063480,1.000000
-0.124745,-0.009409,0.000000
0.136852,0.007311,1.000000
0.372445,0.404103,3.000000
0.219345,-0.065038,1.000000
0.238712,0.582069,2.000000
0.400980,0.444097,3.000000
0.211059,0.120334,1.000000
-0.064218,-0.645017,3.000000
-0.202918,-0.029114,2.000000
-0.572201,0.210534,3.000000
-0.500598,-0.383747,3.000000
0.170471,0.071017,1.000000
-0.077334,-0.103143,3.000000
-0.352742,-0.461924,3.000000
0.030892,0.521697,4.000000
0.189290,0.142598,3.000000
0.064357,-0.259829,2.000000
0.219742,0.014954,1.000000
0.192978,0.055262,1.000000
-0.491276,-0.396776,3.000000
0.413234,0.451918,3.000000
-0.301545,-0.178558,0.000000
-0.062087,0.053048,0.000000
0.234892,0.493056,3.000000
0.105091,-0.031030,1.000000
-0.186555,-0.326583,3.000000
0.158117,0.071605,1.000000
0.426265,-0.472925,3.000000
-0.308687,0.121992,3.000000
-0.135997,-0.082362,1.000000
0.023009,0.488630,4.000000
-0.066106,0.260225,4.000000
0.321163,0.370954,3.000000
-0.278719,0.262799,4.000000
0.063377,0.228048,2.000000
0.189327,0.186838,0.000000
-0.488728,-0.100022,0.000000
0.176128,0.173631,0.000000
-0.330915,-0.189139,0.000000
-0.297669,-0.033039,2.000000
0.200275,-0.029683,1.000000
-0.108674,-0.346862,3.000000
0.322731,-0.074546,0.000000
-0.692541,0.030082,3.000000
0.253165,0.073725,1.000000
-0.265792,0.153508,2.000000
-0.185143,-0.676231,3.000000
-0.007164,0.078127,0.000000
-0.241669,0.344263,4.000000
-0.168498,0.051942,3.000000
-0.305648,-0.189009,0.000000
0.388188,0.294751,3.000000
0.217848,0.108652,1.000000
0.926907,0.119039,2.000000
-0.125013,-0.003728,2.000000
0.045717,-0.763259,3.000000
-0.343170,-0.172820,0.000000
-0.047065,0.286961,2.000000
0.269136,0.166310,1.000000
-0.764821,0.046757,3.000000
0.156572,0.023670,1.000000
0.346682,-0.074791,0.000000
0.158993,-0.095948,1.000000
0.406127,0.428317,3.000000
-0.354622,-0.104064,0.000000
0.121776,0.457496,2.000000
0.059051,-0.026041,1.000000
0.367751,0.453410,3.000000
-0.167147,-0.111129,1.000000
0.366345,-0.287253,1.000000
0.196937,-0.008362,1.000000
-0.520006,-0.412329,3.000000
-0.189901,0.299571,4.000000
0.194634,-0.016790,0.000000
-0.042130,-0.607155,3.000000
-0.297122,-0.034474,2.000000
0.176291,0.343812,2.000000
-0.599332,0.078741,3.000000
0.183751,0.493768,3.000000
-0.119824,0.231899,2.000000
0.085845,-0.547948,3.000000
-0.330750,-0.092738,0.000000
0.387631,0.363099,3.000000
0.115202,-0.199454,0.000000
0.217468,0.258241,3.000000
-0.012116,0.322277,2.000000
0.148889,-0.192191,0.000000
-0.706592,0.084222,0.000000
0.235213,-0.189685,0.000000
0.261367,0.069108,1.000000
0.485327,-0.342007,0.000000
0.151256,0.267196,2.000000
0.409499,0.385812,3.000000
-0.118830,0.199454,3.000000
0.163100,0.723686,2.000000
-0.099473,0.579299,2.000000
0.139373,-0.753915,3.000000
0.173347,0.184453,1.000000
-0.450429,0.306388,2.000000
-0.717327,0.094207,3.000000
-0.135085,-0.377970,3.000000
-0.145003,0.052985,1.000000
0.309075,-0.361310,1.000000
0.137495,-0.089434,0.000000
0.177684,0.054770,1.000000
0.263264,0.097034,1.000000
0.245890,0.092519,1.000000
0.341210,-0.084951,0.000000
0.262801,0.127697,1.000000
-0.253768,-0.157317,0.000000
0.218813,-0.000559,0.000000
0.298871,0.302106,3.000000
0.335968,0.612060,2.000000
0.125785,0.522304,2.000000
-0.160066,0.416309,2.000000
0.006910,-0.621653,3.000000
0.381976,0.521487,2.000000
0.171930,-0.020235,1.000000
-0.165760,0.436311,2.000000
0.198576,0.337784,3.000000
-0.151926,0.497947,2.000000
0.226789,0.109874,1.000000
-0.875650,-0.088625,3.000000
-0.046374,0.354935,4.000000
0.156395,0.013172,1.000000
-0.197890,-0.030303,2.000000
0.282189,-0.087563,0.000000
-0.154557,-0.313172,3.000000
0.008952,0.314477,2.000000
0.097647,0.231246,2.000000
0.418354,0.307782,3.000000
0.015319,-0.150801,2.000000
0.412696,0.530352,3.000000
0.068265,0.233746,2.000000
0.401888,0.371528,3.000000
-0.356321,-0.355516,3.000000
-0.800608,0.100030,3.000000
-0.060735,-0.269170,3.000000
-0.547552,-0.412618,3.000000
-0.829061,0.168313,3.000000
0.258166,-0.154901,2.000000
-0.074115,0.377382,4.000000
0.077700,0.398434,3.000000
-0.116506,0.330955,2.000000
-0.113346,0.001255,0.000000
0.275543,0.426918,2.000000
-0.332231,0.091644,3.000000
0.164699,-0.094753,1.000000
0.142521,-0.728969,3.000000
0.143117,-0.182901,0.000000
-0.005639,-0.035076,1.000000
-0.839017,0.116573,3.000000
-0.474533,-0.388935,3.000000
-0.236657,0.304705,2.000000
0.068605,0.526251,2.000000
0.204127,0.283922,0.000000
0.138245,-0.021584,1.000000
0.071561,-0.674442,3.000000
0.168765,0.335523,2.000000
-0.123872,0.315773,4.000000
-0.132733,-0.258282,3.000000
-0.242032,0.449543,2.000000
0.266501,0.341784,2.000000
0.137742,0.557373,4.000000
-0.388963,-0.340521,3.000000
0.130912,-0.005365,1.000000
0.049758,0.417597,4.000000
-0.551057,-0.041708,0.000000
0.175161,0.659050,2.000000
0.195540,-0.599791,3.000000
-0.650589,0.229051,0.000000
-0.192512,0.280465,2.000000
-0.743412,0.184006,0.000000
-0.478197,0.104920,3.000000
-0.019338,0.386321,4.000000
-0.789500,0.127864,3.000000
-0.108844,-0.312431,3.000000
0.411085,0.399877,3.000000
0.349337,-0.072479,0.000000
0.149281,0.330401,3.000000
0.154279,0.342103,2.000000
-0.508645,-0.395370,3.000000
0.249003,0.767122,2.000000
0.086660,-0.185899,0.000000
0.135159,0.395079,2.000000
0.562895,-0.315608,2.000000
-0.347308,0.404020,2.000000
0.171620,0.032404,1.000000
0.200137,0.092596,1.000000
0.189311,-0.021283,1.000000
0.005119,-0.629830,3.000000
-0.522320,-0.698256,3.000000
0.181398,0.273419,2.000000
0.211893,0.197262,2.000000
-0.336452,-0.150590,1.000000
0.447452,0.412499,2.000000
0.266549,0.280559,2.000000
0.184871,0.322317,3.000000
-0.080039,-0.354433,3.000000
-0.183923,0.494406,2.000000
-0.253469,-0.281330,3.000000
-0.459254,-0.291879,0.000000
0.045706,-0.035259,1.000000
0.154139,0.037447,1.000000
-0.686188,0.132038,3.000000
-0.796384,0.059835,3.000000
-0.831668,0.127194,3.000000
0.198827,0.125068,1.000000
0.231682,0.097017,0.000000
0.397768,0.496040,3.000000
0.201082,-0.512413,3.000000
-0.034351,0.675891,4.000000
0.154937,0.390596,4.000000
0.174710,0.029726,1.000000
-0.132029,0.003706,4.000000
0.183481,0.109281,1.000000
0.139871,0.015696,0.000000
-0.044349,-0.015319,0.000000
-0.706849,0.185027,3.000000
0.152492,0.006995,1.000000
-0.001896,0.077512,0.000000
0.117306,0.466553,2.000000
-0.117370,-0.000374,0.000000
-0.752633,0.082743,3.000000
-0.888075,-0.121624,3.000000
-0.024480,-0.548281,3.000000
-0.539756,-0.125984,0.000000
0.283645,0.143990,1.000000
-0.327413,-0.165247,0.000000
-0.294625,0.290065,2.000000
0.226746,0.197784,3.000000
0.017021,0.495388,2.000000
-0.203403,0.271575,0.000000
0.270955,0.165649,1.000000
-0.137218,-0.034809,0.000000
0.184636,0.395252,0.000000
-0.516132,-0.127249,0.000000
0.016362,-0.290462,4.000000
-0.285347,0.018363,2.000000
-0.400689,-0.214076,0.000000
0.723831,-0.241462,3.000000
0.436251,0.383680,3.000000
0.193780,0.210764,2.000000
-0.022058,0.354434,3.000000
0.305267,0.488857,3.000000
-0.042406,0.620733,4.000000
0.239328,0.029797,1.000000
0.252237,0.643122,2.000000
0.427710,0.279573,3.000000
-0.572080,-0.765815,3.000000
-0.122622,-0.414415,3.000000
-0.002080,0.207287,4.000000
-0.279991,-0.076091,1.000000
0.276362,0.761787,2.000000
0.261451,0.104626,1.000000
-0.234749,0.253215,2.000000
0.324394,0.444009,3.000000
-0.777016,0.194255,3.000000
-0.072258,0.442861,2.000000
-0.253639,-0.081247,1.000000
-0.063178,0.021632,0.000000
0.202608,-0.018639,1.000000
0.174696,0.042994,1.000000
-0.041896,-0.405819,3.000000
0.050010,0.498983,4.000000
-0.565044,-0.131023,0.000000
-0.191872,0.245675,2.000000
-0.048446,-0.626318,3.000000
-0.017094,0.010412,0.000000
0.182569,0.056842,1.000000
0.041261,0.558015,4.000000
0.156806,0.050732,1.000000
0.245244,0.110000,0.000000
0.013948,0.340495,2.000000
-0.361270,-0.090780,0.000000
-0.244373,0.290040,2.000000
-0.285246,0.261425,2.000000
0.323226,0.401678,2.000000
-0.052831,-0.662492,3.000000
0.437989,0.450040,2.000000
-0.139208,-0.364349,3.000000
0.192629,0.185352,1.000000
-0.658370,0.011018,3.000000
-0.104912,-0.395926,3.000000
-0.231851,-0.057003,0.000000
-0.089282,0.199822,3.000000
-0.287598,-0.068088,0.000000
0.071122,0.444970,2.000000
0.052356,-0.303491,4.000000
-0.084657,0.004700,0.000000
-0.061341,0.031203,0.000000
0.242750,-0.178851,0.000000
-0.090617,0.218880,2.000000
0.124056,0.528223,2.000000
0.217278,0.002538,1.000000
0.506511,-0.402389,3.000000
0.160060,0.002959,1.000000
-0.440671,-0.351701,3.000000
-0.834030,0.102462,3.000000
-0.402618,-0.258324,3.000000
0.394865,0.415787,3.000000
-0.070303,0.293923,4.000000
0.319826,0.447259,3.000000
0.171447,-0.046220,1.000000
0.198181,0.063271,1.000000
0.089304,-0.285858,2.000000
0.316392,0.319682,2.000000
0.415282,0.432376,3.000000
-0.233729,0.274034,2.000000
0.237002,0.181966,0.000000
-0.591733,-0.743866,3.000000
0.224922,-0.133463,1.000000
-0.124833,-0.008860,0.000000
-0.084935,0.063747,1.000000
-0.436205,-0.106169,0.000000
0.437879,0.393946,3.000000
-0.283480,-0.095409,1.000000
0.441319,0.493481,3.000000
0.280224,0.454113,3.000000
0.196133,0.035596,1.000000
0.256794,0.355656,3.000000
0.173604,0.084676,1.000000
-0.057716,0.580503,2.000000
0.215603,-0.206142,0.000000
0.190083,-0.002860,0.000000
-0.205732,0.257012,2.000000
-0.502846,-0.040548,0.000000
-0.078830,0.646684,2.000000
0.365347,0.433844,3.000000
0.222375,-0.099309,0.000000
-0.203405,0.481441,2.000000
0.437128,-0.448864,0.000000
0.079325,0.176281,1.000000
0.700209,-0.360262,3.000000
0.173352,0.030049,1.000000
0.381063,0.272096,2.000000
-0.128203,-0.329787,3.000000
-0.023353,-0.735110,3.000000
0.086163,-0.361919,0.000000
-0.179028,0.000751,2.000000
-0.146539,0.036473,0.000000
-0.243332,0.356686,4.000000
-0.216015,0.277123,2.000000
0.155782,-0.017924,1.000000
-0.005652,0.085703,0.000000
-0.167626,0.361996,2.000000
-0.194223,0.020680,3.000000
-0.303787,-0.178096,0.000000
0.036585,0.151778,0.000000
-0.405026,-0.169620,1.000000
0.172394,0.073104,1.000000
-0.128241,-0.402487,3.000000
0.225975,0.364862,3.000000
0.235316,-0.122797,0.000000
0.150148,0.645206,2.000000
-0.680149,-0.309530,3.000000
0.157559,-0.033273,1.000000
0.375764,-0.162737,0.000000
0.182818,-0.072094,0.000000
0.140545,0.321225,2.000000
0.164869,0.069191,1.000000
0.296525,-0.172700,0.000000
0.226932,0.478164,2.000000
-0.076509,-0.332544,3.000000
-0.217116,-0.518975,3.000000
-0.310492,-0.458399,3.000000
0.423242,0.416498,3.000000
0.129669,-0.014243,1.000000
-0.328051,0.113550,3.000000
0.394028,0.419322,3.000000
0.344059,-0.099448,0.000000
0.329236,0.165555,0.000000
-0.027407,0.462257,4.000000
0.168115,0.180647,0.000000
-0.064894,0.334763,3.000000
0.151701,0.321546,2.000000
0.056785,0.345215,2.000000
0.033444,-0.556889,3.000000
0.213395,0.244329,2.000000
-0.240881,0.411126,2.000000
-0.298964,-0.248376,3.000000
-0.485663,-0.121806,0.000000
0.147173,0.071151,1.000000
-0.137499,-0.083358,1.000000
-0.096947,0.217452,2.000000
-0.018640,0.375617,4.000000
-0.353884,-0.521476,3.000000
-0.075105,0.577536,2.000000
0.315570,0.055628,1.000000
-0.036327,0.320895,2.000000
0.271968,0.515797,2.000000
-0.355117,-0.111432,1.000000
-0.102202,0.415321,2.000000
0.186139,0.358482,2.000000
-0.766408,-0.008762,3.000000
0.107851,0.309239,3.000000
-0.640145,0.273635,0.000000
0.222400,0.092935,0.000000
0.347452,-0.355382,1.000000
0.096745,0.389714,4.000000
0.481198,-0.291765,3.000000
0.050373,0.346943,2.000000
0.001987,0.204981,2.000000
0.424405,0.459404,3.000000
0.077182,-0.040407,1.000000
-0.134668,0.356708,2.000000
-0.024302,-0.260109,3.000000
0.174650,0.040174,1.000000
0.124674,-0.058784,1.000000
0.146847,0.052446,1.000000
0.216617,0.348429,3.000000
0.140703,-0.062001,1.000000
0.191065,0.036643,1.000000
0.661882,-0.201694,3.000000
0.022697,0.576109,2.000000
-0.044521,-0.077836,0.000000
0.218513,0.490005,2.000000
-0.004204,-0.412670,2.000000
0.180254,0.309120,2.000000
-0.529013,-0.409863,3.000000
0.208422,0.097608,1.000000
0.084954,-0.386492,0.000000
0.181648,0.393870,2.000000
-0.124977,-0.483427,3.000000
0.008239,-0.471814,1.000000
-0.008586,0.510621,4.000000
0.020641,0.521548,2.000000
-0.044866,0.696904,2.000000
-0.846218,0.164170,3.000000
0.164705,-0.096038,1.000000
0.194971,0.039381,1.000000
-0.180163,0.379494,2.000000
-0.058047,0.265217,4.000000
0.308985,0.372755,3.000000
-0.101045,0.395096,4.000000
0.029029,-0.164193,2.000000
-0.173850,-0.106567,0.000000
0.320130,0.593780,2.000000
-0.217336,-0.041269,2.000000
0.150992,0.308035,2.000000
-0.780319,-0.001745,3.000000
0.122833,-0.010248,1.000000
0.273141,0.370775,3.000000
-0.796897,0.126246,3.000000
0.136840,-0.094082,0.000000
-0.586253,-0.713938,3.000000
-0.820991,0.120414,3.000000
0.588636,-0.024380,2.000000
0.068881,-0.050287,1.000000
0.226990,0.191183,2.000000
-0.064277,-0.379381,3.000000
0.119464,-0.192393,2.000000
0.334459,0.361476,3.000000
-0.231348,-0.463525,3.000000
-0.698960,0.120205,3.000000
-0.044887,0.292035,2.000000
-0.210921,0.331171,2.000000
0.428901,0.355270,3.000000
0.198920,0.029319,1.000000
0.268042,0.443169,2.000000
0.362064,-0.340078,1.000000
0.118521,0.088475,1.000000
0.055824,0.231246,2.000000
-0.380855,0.094107,3.000000
0.160205,-0.005483,1.000000
-0.032913,0.031024,0.000000
0.279772,0.372804,3.000000
-0.726785,0.075271,3.000000
-0.374169,-0.103307,0.000000
-0.353716,0.075778,3.000000
-0.656844,0.201685,3.000000
0.178073,0.314601,2.000000
0.335508,0.269558,2.000000
0.145148,0.442669,2.000000
-0.084717,-0.236579,3.000000
0.341338,0.448641,2.000000
0.382769,-0.057459,0.000000
-0.138964,-0.022326,0.000000
0.226368,0.065282,1.000000
-0.045087,0.384089,2.000000
-0.383884,-0.660492,3.000000
0.355553,0.338064,3.000000
-0.487136,-0.395420,3.000000
-0.022628,-0.442528,3.000000
-0.498858,-0.133227,0.000000
-0.000770,0.397035,4.000000
0.385754,0.476491,3.000000
0.380537,0.298419,2.000000
0.247443,0.248492,2.000000
-0.358730,-0.103508,0.000000
-0.165851,0.023263,3.000000
0.203633,-0.003309,1.000000
-0.127183,-0.477417,3.000000
0.055709,0.085502,1.000000
0.000950,-0.283734,2.000000
0.058612,0.249612,2.000000
0.405058,0.443788,2.000000
0.668259,-0.057685,3.000000
0.242705,-0.002058,1.000000
0.023503,-0.660055,3.000000
0.150500,0.012207,1.000000
-0.162933,0.040890,1.000000
-0.265987,0.077133,3.000000
0.338907,0.219396,2.000000
-0.089352,0.006406,0.000000
0.078521,0.561906,2.000000
-0.741273,0.032235,3.000000
-0.885087,-0.100903,3.000000
0.143227,-0.522648,3.000000
0.140273,0.289136,2.000000
0.319850,0.391079,3.000000
0.334935,-0.090031,0.000000
-0.816169,0.113692,3.000000
0.277125,0.359575,3.000000
0.137042,-0.010406,1.000000
-0.106409,-0.394003,3.000000
-0.505909,-0.393945,3.000000
-0.098019,0.240642,2.000000
-0.352305,-0.103478,0.000000
-0.104973,-0.004582,0.000000
-0.104269,-0.334320,3.000000
0.165659,-0.516736,3.000000
0.208223,0.115555,1.000000
0.206007,0.065962,1.000000
0.403574,0.253882,2.000000
0.081467,0.432424,2.000000
0.102040,0.499550,2.000000
-0.100488,0.399306,2.000000
-0.127210,0.027223,1.000000
0.008893,0.101080,0.000000
0.424575,-0.048809,2.000000
0.001689,0.120505,1.000000
0.214732,-0.076687,0.000000
0.176893,0.015867,1.000000
0.257091,0.367404,2.000000
-0.400713,-0.574377,3.000000
0.273205,0.197438,0.000000
-0.792921,0.074788,3.000000
0.346186,0.155734,1.000000
0.340196,0.378043,3.000000
0.304525,0.168077,2.000000
-0.134724,-0.481078,3.000000
0.046898,0.426396,4.000000
-0.157441,0.332302,4.000000
0.451011,0.106137,3.000000
0.227787,0.305437,0.000000
-0.474508,-0.273341,0.000000
-0.239026,0.341291,2.000000
0.152870,0.485157,2.000000
0.277568,0.096646,1.000000
0.195929,-0.000806,1.000000
-0.365674,0.081016,3.000000
0.291765,0.314531,3.000000
-0.370408,-0.075979,0.000000
0.010866,-0.263975,2.000000
0.234880,-0.225326,0.000000
-0.139335,-0.311024,3.000000
0.113643,0.422343,3.000000
-0.156130,-0.318161,3.000000
0.818125,-0.401590,3.000000
0.290462,0.569762,2.000000
0.125180,0.522615,0.000000
-0.157162,-0.458324,3.000000
0.170943,0.084936,1.000000
0.321630,-0.066716,0.000000
-0.113228,-0.578920,3.000000
0.089192,-0.435142,4.000000
0.397970,0.555413,2.000000
-0.305571,0.053158,3.000000
0.234822,0.105630,0.000000
0.357705,-0.064955,0.000000
-0.258488,-0.433997,3.000000
-0.026232,-0.167501,2.000000
0.190727,0.039815,0.000000
-0.044309,0.249446,2.000000
-0.084833,0.400570,2.000000
0.217133,0.185960,0.000000
0.212918,0.100093,1.000000
-0.255995,-0.112378,3.000000
-0.181312,0.222839,2.000000
0.226269,0.111064,1.000000
0.026064,0.775084,2.000000
0.040544,-0.198796,3.000000
-0.125955,-0.070392,1.000000
-0.801654,0.069067,3.000000
-0.118679,-0.375340,3.000000
-0.136378,0.371037,2.000000
-0.856015,0.212451,3.000000
0.261903,0.104940,1.000000
-0.153973,-0.310120,3.000000
0.335220,0.508635,3.000000
-0.083355,0.265338,4.000000
0.214656,-0.530456,3.000000
-0.555536,-0.387280,3.000000
-0.732980,0.079236,0.000000
0.220950,0.114416,1.000000
-0.138760,0.350879,2.000000
0.201396,0.354847,3.000000
0.213408,0.173843,1.000000
0.265163,0.419084,3.000000
0.384745,0.349478,3.000000
-0.105580,0.010755,0.000000
0.422557,0.441761,3.000000
0.074166,0.697755,2.000000
-0.146564,-0.512285,3.000000
-0.175915,0.295192,3.000000
-0.014200,0.114001,0.000000
0.031077,-0.559353,3.000000
0.159501,-0.464035,0.000000
0.138937,0.418650,2.000000
-0.312882,0.298721,0.000000
-0.050041,0.752177,2.000000
0.121461,0.267684,2.000000
-0.172896,0.231136,2.000000
-0.044294,-0.471964,3.000000
-0.203070,0.157911,3.000000
0.034512,0.537989,4.000000
0.348590,0.415577,2.000000
0.021692,-0.356625,3.000000
0.336502,0.392898,3.000000
0.128717,0.340499,2.000000
-0.105058,0.524036,2.000000
-0.254886,-0.792564,3.000000
0.291277,-0.092033,0.000000
0.175586,-0.019643,1.000000
0.275116,0.243908,0.000000
-0.026895,0.340011,4.000000
-0.611248,0.072880,2.000000
-0.171674,0.499103,1.000000
0.452796,0.523998,3.000000
-0.527545,-0.390271,3.000000
-0.290845,0.247921,2.000000
-0.178706,0.269261,4.000000
0.226035,0.062788,1.000000
0.380537,0.298419,2.000000
0.204415,0.377946,2.000000
0.457563,-0.275574,3.000000
-0.170503,-0.399551,3.000000
-0.573279,-0.123120,0.000000
-0.063376,0.200461,3.000000
-0.526949,-0.120416,0.000000
0.142080,0.362186,2.000000
-0.105754,-0.157208,3.000000
-0.353069,0.082386,3.000000
0.140196,-0.197751,0.000000
0.067554,0.428046,4.000000
0.191698,0.026509,1.000000
0.267663,0.428810,2.000000
0.199579,0.359460,3.000000
0.155979,-0.043279,1.000000
-0.134084,0.242561,4.000000
-0.086150,0.270243,4.000000
0.274793,0.170659,2.000000
0.008853,0.489292,4.000000
0.403957,0.354895,3.000000
0.136941,-0.093254,1.000000
-0.050453,0.414206,2.000000
-0.003294,-0.043275,2.000000
0.496242,0.186011,0.000000
-0.131101,0.005234,2.000000
0.206263,0.587050,2.000000
-0.042532,-0.606373,3.000000
0.487180,-0.201753,3.000000
0.114981,0.217589,1.000000
0.242864,0.793412,2.000000
-0.134581,-0.380805,3.000000
0.162883,0.009359,0.000000
-0.553597,-0.725697,3.000000
0.214576,-0.529963,3.000000
-0.511335,-0.690840,3.000000
-0.398647,-0.271354,0.000000
-0.139288,0.202027,2.000000
0.252404,0.377595,2.000000
0.031782,0.098541,0.000000
0.104962,0.058998,1.000000
-0.153418,-0.313240,3.000000
-0.466709,-0.366479,3.000000
0.180910,-0.028084,1.000000
-0.125969,-0.056766,1.000000
0.267650,0.105617,1.000000
0.172345,0.058657,1.000000
0.426502,-0.050787,2.000000
0.187094,0.064397,1.000000
0.380249,0.305383,2.000000
0.150908,0.287778,2.000000
-0.106772,-0.131749,0.000000
-0.145571,0.411657,2.000000
0.154010,-0.018138,0.000000
-0.133972,-0.011717,0.000000
0.343503,0.282573,2.000000
-0.557952,-0.385251,3.000000
0.035394,0.421051,2.000000
0.416039,0.451601,3.000000
0.043112,0.469754,2.000000
-0.094848,-0.346018,3.000000
-0.159046,0.013871,2.000000
-0.146974,-0.304866,3.000000
0.308826,0.240067,2.000000
0.174738,-0.051826,1.000000
0.220577,-0.102988,0.000000
0.240394,0.370962,3.000000
-0.122023,0.276352,4.000000
-0.257253,-0.497716,4.000000
-0.191405,0.167261,2.000000
-0.084825,-0.226917,3.000000
0.294419,0.082389,1.000000
-0.354780,0.233726,2.000000
-0.067662,0.051319,0.000000
-0.819774,0.185046,3.000000
-0.278650,-0.172253,0.000000
0.292598,0.322516,3.000000
0.015555,0.299553,2.000000
0.175382,0.059266,1.000000
0.240910,0.131348,0.000000
0.210581,-0.182126,0.000000
-0.081785,0.021990,0.000000
0.541228,0.192700,2.000000
0.032488,-0.335772,4.000000
0.193151,0.348573,2.000000
0.196034,0.000613,1.000000
0.238968,0.375064,3.000000
0.111195,0.004957,1.000000
0.193003,0.088043,1.000000
-0.144705,0.086951,1.000000
0.073164,0.317097,2.000000
0.057592,0.377819,3.000000
0.397294,0.578108,2.000000
0.117180,0.161374,0.000000
-0.089157,0.005315,0.000000
-0.190128,-0.317543,3.000000
-0.483681,-0.401351,0.000000
-0.660692,0.185477,3.000000
0.281322,0.384473,3.000000
-0.796105,0.074205,3.000000
0.258167,0.528280,2.000000
-0.004131,0.124422,2.000000
0.099064,-0.419764,4.000000
-0.089199,0.420106,2.000000
0.185494,0.739372,2.000000
0.307531,0.091602,3.000000
0.455613,-0.299053,0.000000
-0.024286,0.079400,0.000000
0.211350,0.053470,1.000000
0.014340,0.146329,0.000000
0.024524,0.624940,2.000000
0.372770,0.405311,3.000000
-0.257322,-0.045369,2.000000
-0.324085,-0.686852,3.000000
0.121538,0.500470,2.000000
-0.072190,-0.342013,2.000000
0.351894,0.142802,1.000000
-0.388990,-0.342284,3.000000
0.204446,0.373264,3.000000
-0.605785,-0.220626,0.000000
-0.315557,-0.199358,0.000000
-0.097147,0.305694,2.000000
0.172989,0.421244,2.000000
-0.082134,-0.457633,3.000000
0.218942,0.069195,1.000000
0.323122,0.447869,3.000000
-0.041606,0.420086,2.000000
0.328338,-0.071780,0.000000
0.014024,-0.409327,3.000000
0.247639,-0.198739,0.000000
0.148489,-0.047343,1.000000
0.428872,0.500990,3.000000
-0.145790,-0.353372,3.000000
0.119610,-0.199161,0.000000
-0.850701,0.138272,3.000000
0.163002,-0.374541,3.000000
-0.113574,-0.230649,3.000000
-0.237156,-0.561458,1.000000
0.184180,-0.023792,1.000000
0.842266,-0.324486,3.000000
0.053167,0.293492,2.000000
-0.304747,-0.462679,3.000000
0.212822,0.011863,1.000000
-0.257581,0.268465,3.000000
-0.037375,0.098819,0.000000
-0.220655,-0.453498,3.000000
-0.287284,-0.210874,0.000000
0.198010,0.081797,1.000000
-0.089938,-0.356494,3.000000
0.187391,0.067408,1.000000
0.280353,0.095109,1.000000
0.192910,0.183042,0.000000
0.294215,0.447034,2.000000
-0.542036,-0.212219,0.000000
0.382708,0.419550,3.000000
-0.199060,-0.442594,3.000000
-0.768726,0.106495,3.000000
0.033469,0.289836,2.000000
-0.129561,-0.077442,1.000000
-0.047251,0.331070,4.000000
0.168460,0.030065,1.000000
0.017942,0.349064,2.000000
0.261947,-0.658510,3.000000
0.200718,-0.306888,0.000000
-0.759172,0.104515,3.000000
0.275186,0.380625,3.000000
0.316392,0.319682,2.000000
0.142350,0.021409,1.000000
0.283235,0.030968,1.000000
0.343146,0.459472,2.000000
0.142095,-0.022781,1.000000
0.317913,-0.089797,0.000000
0.227898,0.352706,3.000000
0.010307,-0.379307,3.000000
0.385979,-0.076908,0.000000
0.358293,0.423539,3.000000
0.165267,-0.290760,1.000000
0.048825,0.186383,1.000000
-0.051913,0.298757,4.000000
-0.055405,-0.292772,3.000000
-0.068505,-0.601517,3.000000
0.099798,0.446330,2.000000
-0.025946,-0.187586,2.000000
-0.301937,0.038298,3.000000
0.010564,-0.300536,4.000000
0.097165,0.520345,4.000000
0.220639,0.343453,3.000000
0.534014,0.236296,2.000000
0.387036,0.379780,3.000000
-0.172770,-0.030379,2.000000
0.367313,0.372460,3.000000
0.460069,0.180735,3.000000
-0.126738,0.348177,4.000000
-0.741462,0.091416,3.000000
